Entity,Code,Year,"Homicide rate per 100,000 population - Female - All ages"
Afghanistan,AFG,2018,1.4390535
Afghanistan,AFG,2019,1.274152
Africa (UN),,2000,4.896529
Africa (UN),,2001,4.8821993
Africa (UN),,2002,4.873816
Africa (UN),,2003,4.742347
Africa (UN),,2004,4.653395
Africa (UN),,2005,4.5973587
Africa (UN),,2006,4.56095
Africa (UN),,2007,4.516514
Africa (UN),,2008,4.438249
Africa (UN),,2009,4.551408
Africa (UN),,2010,4.585107
Africa (UN),,2011,4.5198946
Africa (UN),,2012,4.509749
Africa (UN),,2013,4.52926
Africa (UN),,2014,4.550145
Africa (UN),,2015,4.570774
Africa (UN),,2016,4.5470304
Africa (UN),,2017,4.527069
Africa (UN),,2018,4.465843
Africa (UN),,2019,4.4223237
Africa (UN),,2020,4.4011393
Africa (UN),,2021,4.581525
Albania,ALB,1992,0.8572186
Albania,ALB,1993,0.9772813
Albania,ALB,1994,0.7320633
Albania,ALB,1995,1.5858861
Albania,ALB,1996,1.709849
Albania,ALB,1997,10.839451
Albania,ALB,1998,5.3520083
Albania,ALB,1999,4.0221853
Albania,ALB,2000,0.81025714
Albania,ALB,2001,2.4518077
Albania,ALB,2002,2.476082
Albania,ALB,2003,1.3475143
Albania,ALB,2004,1.2326849
Albania,ALB,2005,1.3777657
Albania,ALB,2006,1.5258485
Albania,ALB,2007,1.609188
Albania,ALB,2008,1.2863678
Albania,ALB,2009,0.47798258
Albania,ALB,2010,0.75637895
Albania,ALB,2011,1.2441598
Albania,ALB,2012,1.8032733
Albania,ALB,2013,1.3899463
Albania,ALB,2014,0.8348578
Albania,ALB,2015,1.1136644
Albania,ALB,2016,1.1835152
Albania,ALB,2017,0.9051787
Albania,ALB,2018,1.0447109
Albania,ALB,2019,0.9057984
Albania,ALB,2020,0.6280173
Albania,ALB,2021,0.8398921
Algeria,DZA,2012,0.28470418
Algeria,DZA,2013,0.20934504
Algeria,DZA,2014,0.44979757
Algeria,DZA,2015,0.3661507
Algeria,DZA,2016,0.37911308
Algeria,DZA,2017,0.27756804
Algeria,DZA,2018,0.41819835
Algeria,DZA,2019,0.41053125
Algeria,DZA,2020,0.57226574
Algeria,DZA,2021,0.7379827
American Samoa,ASM,2016,0
American Samoa,ASM,2017,4.0383644
American Samoa,ASM,2018,4.1169205
American Samoa,ASM,2019,0
Americas (UN),,2000,3.2988179
Americas (UN),,2001,3.5465481
Americas (UN),,2002,3.4828568
Americas (UN),,2003,3.3804183
Americas (UN),,2004,3.2055676
Americas (UN),,2005,3.1654685
Americas (UN),,2006,3.1282773
Americas (UN),,2007,3.0198183
Americas (UN),,2008,3.1185722
Americas (UN),,2009,3.3550196
Americas (UN),,2010,3.4038317
Americas (UN),,2011,3.50171
Americas (UN),,2012,3.5072324
Americas (UN),,2013,3.3927472
Americas (UN),,2014,3.330867
Americas (UN),,2015,3.2711084
Americas (UN),,2016,3.4462934
Americas (UN),,2017,3.611648
Americas (UN),,2018,3.5024092
Americas (UN),,2019,3.2841473
Americas (UN),,2020,3.282308
Americas (UN),,2021,3.351651
Andorra,AND,2007,0
Andorra,AND,2008,2.7127104
Andorra,AND,2009,0
Andorra,AND,2010,0
Andorra,AND,2011,0
Andorra,AND,2012,0
Andorra,AND,2013,0
Andorra,AND,2014,0
Andorra,AND,2015,0
Anguilla,AIA,1991,0
Anguilla,AIA,1993,21.746222
Anguilla,AIA,2000,0
Anguilla,AIA,2008,0
Anguilla,AIA,2009,0
Anguilla,AIA,2013,0
Antigua and Barbuda,ATG,1990,3.0456235
Antigua and Barbuda,ATG,1991,6.07598
Antigua and Barbuda,ATG,1992,2.9862335
Antigua and Barbuda,ATG,1993,0
Antigua and Barbuda,ATG,1994,2.8593078
Antigua and Barbuda,ATG,1995,5.589871
Antigua and Barbuda,ATG,1996,2.7302263
Antigua and Barbuda,ATG,1997,0
Antigua and Barbuda,ATG,2001,1.9259791
Antigua and Barbuda,ATG,2002,3.056683
Antigua and Barbuda,ATG,2008,11.393804
Antigua and Barbuda,ATG,2015,2.1237059
Antigua and Barbuda,ATG,2016,4.2204776
Antigua and Barbuda,ATG,2017,4.196523
Antigua and Barbuda,ATG,2018,6.2617407
Antigua and Barbuda,ATG,2019,2.076606
Antigua and Barbuda,ATG,2020,2.0648997
Antigua and Barbuda,ATG,2021,10.265149
Argentina,ARG,2015,1.7707825
Argentina,ARG,2017,1.8337847
Argentina,ARG,2018,1.7657576
Argentina,ARG,2019,1.805937
Argentina,ARG,2020,1.6315559
Argentina,ARG,2021,1.3472174
Armenia,ARM,1990,1.2407959
Armenia,ARM,1991,1.5937531
Armenia,ARM,1993,2.9994042
Armenia,ARM,1994,1.3928211
Armenia,ARM,1995,1.0967488
Armenia,ARM,1996,1.3285398
Armenia,ARM,1997,1.2593378
Armenia,ARM,1998,0.9090192
Armenia,ARM,1999,1.1415657
Armenia,ARM,2000,1.545975
Armenia,ARM,2001,1.1094686
Armenia,ARM,2002,1.1909264
Armenia,ARM,2003,0.6634455
Armenia,ARM,2004,1.3498544
Armenia,ARM,2005,0.67771107
Armenia,ARM,2006,1.6093382
Armenia,ARM,2007,0.8087592
Armenia,ARM,2008,1.6476126
Armenia,ARM,2009,1.5691227
Armenia,ARM,2010,0.6300314
Armenia,ARM,2011,1.201464
Armenia,ARM,2012,1.2051723
Armenia,ARM,2013,1.2085034
Armenia,ARM,2014,1.2748752
Armenia,ARM,2015,1.3414549
Armenia,ARM,2016,0.8965925
Armenia,ARM,2017,0.7065324
Armenia,ARM,2018,0.70896274
Armenia,ARM,2019,0.6469
Armenia,ARM,2020,1.038896
Armenia,ARM,2021,0.9123642
Aruba,ABW,1990,0
Aruba,ABW,1995,0
Aruba,ABW,1999,2.219731
Aruba,ABW,2001,4.239264
Aruba,ABW,2002,2.0906725
Aruba,ABW,2003,2.0672262
Aruba,ABW,2004,0
Aruba,ABW,2005,2.0237179
Aruba,ABW,2006,1.9993802
Aruba,ABW,2007,0
Aruba,ABW,2008,1.9503822
Aruba,ABW,2009,1.9260587
Aruba,ABW,2010,0
Aruba,ABW,2011,0
Aruba,ABW,2012,1.8698754
Aruba,ABW,2013,1.8534651
Aruba,ABW,2014,0
Asia (UN),,2000,1.9798492
Asia (UN),,2001,1.9430233
Asia (UN),,2002,1.8694957
Asia (UN),,2003,1.8208758
Asia (UN),,2004,1.8720964
Asia (UN),,2005,1.7616504
Asia (UN),,2006,1.7185158
Asia (UN),,2007,1.7371639
Asia (UN),,2008,1.7196202
Asia (UN),,2009,1.7798702
Asia (UN),,2010,1.6983248
Asia (UN),,2011,1.7490569
Asia (UN),,2012,1.7374896
Asia (UN),,2013,1.6951205
Asia (UN),,2014,1.6796373
Asia (UN),,2015,1.5152481
Asia (UN),,2016,1.520485
Asia (UN),,2017,1.453179
Asia (UN),,2018,1.4228587
Asia (UN),,2019,1.4221421
Asia (UN),,2020,1.3702958
Asia (UN),,2021,1.4584241
Australia,AUS,1990,1.614696
Australia,AUS,1991,1.6507348
Australia,AUS,1992,1.3350888
Australia,AUS,1993,1.3385304
Australia,AUS,1994,1.2850443
Australia,AUS,1995,1.5451862
Australia,AUS,1996,1.2329849
Australia,AUS,1997,1.3142613
Australia,AUS,1998,1.1367058
Australia,AUS,1999,1.3051562
Australia,AUS,2000,1.4200563
Australia,AUS,2001,1.1965946
Australia,AUS,2002,1.234778
Australia,AUS,2003,0.97109926
Australia,AUS,2004,0.9221725
Australia,AUS,2005,0.92911583
Australia,AUS,2006,0.9015768
Australia,AUS,2007,0.814531
Australia,AUS,2008,0.94590175
Australia,AUS,2009,0.70007074
Australia,AUS,2010,0.85007226
Australia,AUS,2011,0.80145836
Australia,AUS,2012,0.72689444
Australia,AUS,2013,0.8092712
Australia,AUS,2014,0.79633987
Australia,AUS,2015,0.7088958
Australia,AUS,2016,0.6563801
Australia,AUS,2017,0.50840986
Australia,AUS,2018,0.66724473
Australia,AUS,2019,0.5321542
Australia,AUS,2020,0.572231
Australia,AUS,2021,0.37538284
Austria,AUT,1990,0.9960134
Austria,AUT,1991,1.1605209
Austria,AUT,1992,1.0499792
Austria,AUT,1993,0.84705675
Austria,AUT,1994,1.2756425
Austria,AUT,1995,0.925496
Austria,AUT,1996,1.2271076
Austria,AUT,1997,0.9051615
Austria,AUT,1998,0.8207029
Austria,AUT,1999,0.76920205
Austria,AUT,2000,1.2952437
Austria,AUT,2001,1.0084977
Austria,AUT,2002,0.9054121
Austria,AUT,2003,0.55997646
Austria,AUT,2004,0.75943637
Austria,AUT,2005,0.571906
Austria,AUT,2006,0.68615943
Austria,AUT,2007,0.56894904
Austria,AUT,2008,0.6788955
Austria,AUT,2009,0.6571945
Austria,AUT,2010,0.76914334
Austria,AUT,2011,0.8134101
Austria,AUT,2012,0.8798554
Austria,AUT,2013,0.6681781
Austria,AUT,2014,0.5036293
Austria,AUT,2015,0.3858364
Austria,AUT,2016,0.69756716
Austria,AUT,2017,0.8273684
Austria,AUT,2018,0.97936434
Austria,AUT,2019,0.88652647
Austria,AUT,2020,0.817693
Austria,AUT,2021,0.88281286
Azerbaijan,AZE,2010,1.3161298
Azerbaijan,AZE,2011,1.5730288
Azerbaijan,AZE,2012,1.2014549
Azerbaijan,AZE,2013,1.4319787
Azerbaijan,AZE,2014,1.7581288
Azerbaijan,AZE,2015,1.4382771
Azerbaijan,AZE,2016,1.4031631
Azerbaijan,AZE,2017,1.4885067
Azerbaijan,AZE,2018,1.2635783
Azerbaijan,AZE,2019,1.1579306
Azerbaijan,AZE,2020,1.5171098
Azerbaijan,AZE,2021,1.3208866
Bahamas,BHS,1993,4.091695
Bahamas,BHS,1994,3.7220275
Bahamas,BHS,1995,4.368577
Bahamas,BHS,1996,4.8014297
Bahamas,BHS,1997,4.33021
Bahamas,BHS,2000,9.898212
Bahamas,BHS,2001,3.0593731
Bahamas,BHS,2002,7.1529465
Bahamas,BHS,2003,3.4578943
Bahamas,BHS,2004,1.1360699
Bahamas,BHS,2005,4.478581
Bahamas,BHS,2006,2.7578294
Bahamas,BHS,2007,4.345689
Bahamas,BHS,2008,3.743916
Bahamas,BHS,2009,5.26586
Bahamas,BHS,2010,6.7415323
Bahamas,BHS,2011,8.184269
Bahamas,BHS,2012,5.055369
Bahamas,BHS,2013,7.5058923
Bahamas,BHS,2014,5.450361
Bahamas,BHS,2015,7.849159
Bahamas,BHS,2016,3.4024186
Bahamas,BHS,2017,2.8911622
Bahamas,BHS,2018,1.4336883
Bahamas,BHS,2019,2.846023
Bahamas,BHS,2020,5.1895237
Bahamas,BHS,2021,2.8185158
Bahrain,BHR,2010,0.2175592
Bahrain,BHR,2011,0.21821292
Bahrain,BHR,2012,0.21762028
Bahrain,BHR,2013,0.21078813
Bahrain,BHR,2014,0
Bahrain,BHR,2015,0
Bahrain,BHR,2016,0.18774566
Bahrain,BHR,2017,0.18360853
Bahrain,BHR,2018,0
Bahrain,BHR,2019,0.17832337
Bahrain,BHR,2020,0
Bahrain,BHR,2021,0.18030493
Barbados,BRB,1990,8.186199
Barbados,BRB,1991,6.6854105
Barbados,BRB,1992,2.9611206
Barbados,BRB,1993,3.6887982
Barbados,BRB,1994,4.4122515
Barbados,BRB,1995,3.666845
Barbados,BRB,2000,3.628526
Barbados,BRB,2001,3.2298405
Barbados,BRB,2002,5.4016876
Barbados,BRB,2003,7.8875947
Barbados,BRB,2004,0.6282954
Barbados,BRB,2005,6.5111694
Barbados,BRB,2006,1.0774556
Barbados,BRB,2007,4.229865
Barbados,BRB,2008,2.8063874
Barbados,BRB,2009,2.094994
Barbados,BRB,2010,5.5683355
Barbados,BRB,2011,1.3890095
Barbados,BRB,2012,1.3861696
Barbados,BRB,2013,4.84223
Barbados,BRB,2014,2.0714798
Barbados,BRB,2015,2.0679173
Barbados,BRB,2016,1.3763251
Barbados,BRB,2017,1.3741691
Barbados,BRB,2018,2.7443876
Barbados,BRB,2019,3.4256666
Barbados,BRB,2020,2.052475
Barbados,BRB,2021,4.099313
Belarus,BLR,2007,4.206463
Belarus,BLR,2008,3.4871786
Belarus,BLR,2009,3.7829063
Belarus,BLR,2010,2.6037803
Belarus,BLR,2011,2.2438657
Belarus,BLR,2012,2.4183197
Belarus,BLR,2013,1.9770054
Belarus,BLR,2014,2.2256913
Belarus,BLR,2015,2.2239904
Belarus,BLR,2016,2.0306602
Belarus,BLR,2017,1.8005798
Belarus,BLR,2018,1.6106627
Belarus,BLR,2019,1.6710591
Belgium,BEL,2000,1.5887483
Belgium,BEL,2001,1.9518354
Belgium,BEL,2002,2.4971242
Belgium,BEL,2003,1.7734977
Belgium,BEL,2004,2.368412
Belgium,BEL,2005,1.7168846
Belgium,BEL,2006,1.625081
Belgium,BEL,2007,1.6066718
Belgium,BEL,2008,1.3040936
Belgium,BEL,2009,1.3826572
Belgium,BEL,2010,1.2526442
Belgium,BEL,2011,1.6542735
Belgium,BEL,2012,1.3755369
Belgium,BEL,2013,1.7479602
Belgium,BEL,2014,1.4258692
Belgium,BEL,2015,1.8367728
Belgium,BEL,2016,1.1658177
Belgium,BEL,2017,1.5924239
Belgium,BEL,2018,1.2574096
Belgium,BEL,2019,0.94296193
Belgium,BEL,2021,0.18718387
Belize,BLZ,2004,10.357903
Belize,BLZ,2009,5.7352786
Belize,BLZ,2010,10.023154
Belize,BLZ,2011,7.298915
Belize,BLZ,2012,8.333929
Belize,BLZ,2013,5.8268266
Belize,BLZ,2014,6.8464427
Belize,BLZ,2015,5.0305886
Belize,BLZ,2016,8.218525
Belize,BLZ,2017,5.91061
Belize,BLZ,2018,10.015445
Belize,BLZ,2019,8.801404
Belize,BLZ,2020,5.6090827
Belize,BLZ,2021,5.5331855
Bermuda,BMU,1990,0
Bermuda,BMU,1991,0
Bermuda,BMU,1992,3.3744454
Bermuda,BMU,1996,3.2745016
Bermuda,BMU,2004,3.1070375
Bermuda,BMU,2005,0
Bermuda,BMU,2009,3.0728574
Bermuda,BMU,2010,0
Bermuda,BMU,2011,6.128296
Bermuda,BMU,2012,0
Bermuda,BMU,2013,0
Bermuda,BMU,2014,3.0719607
Bermuda,BMU,2015,0
Bermuda,BMU,2016,0
Bermuda,BMU,2017,0
Bermuda,BMU,2019,0
Bhutan,BTN,2015,0.5745674
Bhutan,BTN,2016,1.139189
Bhutan,BTN,2017,1.129044
Bhutan,BTN,2018,0.55949223
Bhutan,BTN,2019,0.55500674
Bhutan,BTN,2020,1.3770368
Bolivia,BOL,2008,2.80146
Bolivia,BOL,2015,3.5017836
Bolivia,BOL,2016,3.8933458
Bolivia,BOL,2017,4.272904
Bolivia,BOL,2018,3.7581065
Bolivia,BOL,2019,3.3441854
Bolivia,BOL,2020,2.5740733
Bolivia,BOL,2021,2.9065301
Bosnia and Herzegovina,BIH,1990,0.70580363
Bosnia and Herzegovina,BIH,2000,0.9342843
Bosnia and Herzegovina,BIH,2001,1.349809
Bosnia and Herzegovina,BIH,2002,1.1629908
Bosnia and Herzegovina,BIH,2009,0.75531155
Bosnia and Herzegovina,BIH,2010,0.5123409
Bosnia and Herzegovina,BIH,2011,0.83464444
Bosnia and Herzegovina,BIH,2012,1.2753303
Bosnia and Herzegovina,BIH,2013,0.75597626
Bosnia and Herzegovina,BIH,2014,0.6024634
Bosnia and Herzegovina,BIH,2015,1.0003299
Bosnia and Herzegovina,BIH,2016,0.84510994
Bosnia and Herzegovina,BIH,2017,0.570775
Bosnia and Herzegovina,BIH,2018,0.4624565
Bosnia and Herzegovina,BIH,2019,0.585409
Bosnia and Herzegovina,BIH,2020,0.29663855
Bosnia and Herzegovina,BIH,2021,0.42148983
Botswana,BWA,2020,8.839306
Botswana,BWA,2021,7.629581
Brazil,BRA,1990,3.1281905
Brazil,BRA,1991,3.2423031
Brazil,BRA,1992,2.7997725
Brazil,BRA,1993,3.014979
Brazil,BRA,1994,3.2108176
Brazil,BRA,1995,3.702216
Brazil,BRA,1996,4.4011707
Brazil,BRA,1997,4.222313
Brazil,BRA,1998,4.0619187
Brazil,BRA,1999,4.0409184
Brazil,BRA,2000,4.217494
Brazil,BRA,2001,4.2799034
Brazil,BRA,2002,4.244673
Brazil,BRA,2003,4.266029
Brazil,BRA,2004,4.1041136
Brazil,BRA,2005,4.1114893
Brazil,BRA,2006,4.207847
Brazil,BRA,2007,3.9082377
Brazil,BRA,2008,4.125493
Brazil,BRA,2009,4.3263617
Brazil,BRA,2010,4.486338
Brazil,BRA,2011,4.4931173
Brazil,BRA,2012,4.655458
Brazil,BRA,2013,4.656802
Brazil,BRA,2014,4.6807313
Brazil,BRA,2015,4.433693
Brazil,BRA,2016,4.420113
Brazil,BRA,2017,4.6546116
Brazil,BRA,2018,4.2270474
Brazil,BRA,2019,3.4654405
Brazil,BRA,2020,3.5289664
British Virgin Islands,VGB,1990,13.15876
British Virgin Islands,VGB,1992,0
British Virgin Islands,VGB,1993,0
British Virgin Islands,VGB,1994,0
British Virgin Islands,VGB,1995,0
British Virgin Islands,VGB,1996,0
British Virgin Islands,VGB,1999,10.499239
British Virgin Islands,VGB,2001,0
British Virgin Islands,VGB,2002,0
British Virgin Islands,VGB,2003,9.21744
British Virgin Islands,VGB,2004,8.868
British Virgin Islands,VGB,2006,8.203445
Brunei,BRN,1996,2.0839195
Brunei,BRN,1997,1.3558218
Brunei,BRN,1998,0
Brunei,BRN,1999,1.2943685
Brunei,BRN,2000,1.2657427
Bulgaria,BGR,1990,1.1770575
Bulgaria,BGR,1991,2.078662
Bulgaria,BGR,1992,2.2612202
Bulgaria,BGR,1993,2.0652533
Bulgaria,BGR,1994,2.246016
Bulgaria,BGR,1995,1.7887169
Bulgaria,BGR,1996,1.9140408
Bulgaria,BGR,1997,2.195261
Bulgaria,BGR,1998,2.3409147
Bulgaria,BGR,1999,2.0800486
Bulgaria,BGR,2000,2.3191183
Bulgaria,BGR,2001,1.4852053
Bulgaria,BGR,2002,1.3709002
Bulgaria,BGR,2003,1.2643424
Bulgaria,BGR,2004,1.4023392
Bulgaria,BGR,2005,1.2844058
Bulgaria,BGR,2006,1.3427991
Bulgaria,BGR,2007,0.9512383
Bulgaria,BGR,2008,0.90699416
Bulgaria,BGR,2009,0.8871104
Bulgaria,BGR,2010,0.68866307
Bulgaria,BGR,2011,0.77063423
Bulgaria,BGR,2012,0.9579152
Bulgaria,BGR,2013,0.8873637
Bulgaria,BGR,2014,0.6841776
Bulgaria,BGR,2015,0.76988435
Bulgaria,BGR,2016,0.58924985
Bulgaria,BGR,2017,0.94582427
Bulgaria,BGR,2018,1.0365129
Bulgaria,BGR,2019,0.6333266
Bulgaria,BGR,2020,0.72344875
Bulgaria,BGR,2021,0.7895077
Burundi,BDI,2013,1.8947157
Burundi,BDI,2014,1.927652
Burundi,BDI,2015,1.4424734
Burundi,BDI,2016,2.2382104
Cameroon,CMR,2015,1.6625112
Cameroon,CMR,2016,0.9834654
Cameroon,CMR,2017,1.6509548
Cameroon,CMR,2020,2.2664876
Canada,CAN,1990,1.6921936
Canada,CAN,1991,1.956365
Canada,CAN,1992,1.6655803
Canada,CAN,1993,1.3817098
Canada,CAN,1994,1.3985336
Canada,CAN,1995,1.2902138
Canada,CAN,1996,1.3861122
Canada,CAN,1997,1.3153127
Canada,CAN,1998,1.2186791
Canada,CAN,1999,1.0866747
Canada,CAN,2000,0.9618519
Canada,CAN,2001,1.0373019
Canada,CAN,2002,1.3098811
Canada,CAN,2003,0.9806557
Canada,CAN,2004,1.2424084
Canada,CAN,2005,1.1077552
Canada,CAN,2006,0.9873705
Canada,CAN,2007,1.0015113
Canada,CAN,2008,0.8773195
Canada,CAN,2009,0.95603234
Canada,CAN,2010,0.90477455
Canada,CAN,2011,1.0398346
Canada,CAN,2012,0.89767045
Canada,CAN,2013,0.8545398
Canada,CAN,2014,0.8632896
Canada,CAN,2015,0.9942658
Canada,CAN,2016,0.851917
Canada,CAN,2017,0.9396299
Canada,CAN,2018,0.90106887
Canada,CAN,2019,0.8209118
Canada,CAN,2020,0.933787
Canada,CAN,2021,1.0263087
Cape Verde,CPV,2011,2.7460566
Cape Verde,CPV,2012,3.7972305
Cape Verde,CPV,2013,2.580902
Cape Verde,CPV,2014,5.46703
Cape Verde,CPV,2015,2.5226226
Cape Verde,CPV,2017,2.4650404
Cape Verde,CPV,2018,2.7863255
Cape Verde,CPV,2019,1.7238051
Cape Verde,CPV,2020,3.0727735
Cayman Islands,CYM,1990,0
Cayman Islands,CYM,1991,0
Cayman Islands,CYM,1992,0
Cayman Islands,CYM,1993,0
Cayman Islands,CYM,1994,0
Cayman Islands,CYM,1995,0
Cayman Islands,CYM,1996,0
Cayman Islands,CYM,1997,0
Cayman Islands,CYM,1998,0
Cayman Islands,CYM,2000,4.9527016
Cayman Islands,CYM,2001,4.789616
Cayman Islands,CYM,2003,4.492767
Cayman Islands,CYM,2004,4.354642
Cayman Islands,CYM,2005,0
Cayman Islands,CYM,2006,4.0983605
Cayman Islands,CYM,2007,3.9803371
Cayman Islands,CYM,2008,0
Cayman Islands,CYM,2009,3.7638557
Cayman Islands,CYM,2010,0
Cayman Islands,CYM,2013,0
Cayman Islands,CYM,2014,0
Chile,CHL,2005,1.0188552
Chile,CHL,2006,1.1060748
Chile,CHL,2007,1.3359741
Chile,CHL,2008,1.2272829
Chile,CHL,2009,1.1716365
Chile,CHL,2010,1.1206863
Chile,CHL,2011,1.329208
Chile,CHL,2012,0.42350638
Chile,CHL,2013,1.2242448
Chile,CHL,2014,0.70694697
Chile,CHL,2015,0.54419196
Chile,CHL,2016,0.9877145
Chile,CHL,2017,1.145426
Chile,CHL,2018,0.9978609
Chile,CHL,2019,0.99071014
Chile,CHL,2020,1.1419332
Chile,CHL,2021,0.6722235
Colombia,COL,1990,11.246479
Colombia,COL,1991,12.123994
Colombia,COL,1992,12.506401
Colombia,COL,1993,12.179451
Colombia,COL,1994,11.290442
Colombia,COL,1995,9.161115
Colombia,COL,1996,9.480274
Colombia,COL,1997,9.284183
Colombia,COL,1998,9.045035
Colombia,COL,1999,9.251722
Colombia,COL,2000,9.74445
Colombia,COL,2001,11.034084
Colombia,COL,2002,10.997031
Colombia,COL,2003,9.662713
Colombia,COL,2004,7.755378
Colombia,COL,2005,7.0045133
Colombia,COL,2006,6.1288877
Colombia,COL,2007,6.33471
Colombia,COL,2008,5.703004
Colombia,COL,2009,5.6280274
Colombia,COL,2010,5.41324
Colombia,COL,2011,5.885512
Colombia,COL,2012,5.9913616
Colombia,COL,2013,5.2292795
Colombia,COL,2014,4.966684
Colombia,COL,2015,4.478484
Colombia,COL,2016,4.301479
Colombia,COL,2017,4.4490566
Colombia,COL,2018,4.385489
Colombia,COL,2019,4.3253913
Colombia,COL,2020,3.7803776
Colombia,COL,2021,4.095578
Costa Rica,CRI,1990,1.7746569
Costa Rica,CRI,1991,1.5403948
Costa Rica,CRI,1992,1.4985611
Costa Rica,CRI,1993,1.1412199
Costa Rica,CRI,1994,1.4286141
Costa Rica,CRI,1995,1.5075923
Costa Rica,CRI,1996,1.0149002
Costa Rica,CRI,1997,1.0485612
Costa Rica,CRI,1998,1.4343642
Costa Rica,CRI,1999,1.6610028
Costa Rica,CRI,2000,2.0385952
Costa Rica,CRI,2001,1.412239
Costa Rica,CRI,2002,1.6543406
Costa Rica,CRI,2003,1.8140018
Costa Rica,CRI,2004,1.833912
Costa Rica,CRI,2005,2.8526456
Costa Rica,CRI,2006,2.06674
Costa Rica,CRI,2007,1.6751906
Costa Rica,CRI,2008,2.6784477
Costa Rica,CRI,2009,2.5977337
Costa Rica,CRI,2010,2.6507552
Costa Rica,CRI,2011,2.7462401
Costa Rica,CRI,2012,2.1193683
Costa Rica,CRI,2013,1.5081017
Costa Rica,CRI,2014,2.1126485
Costa Rica,CRI,2015,1.7211897
Costa Rica,CRI,2016,2.6764903
Costa Rica,CRI,2017,2.3283985
Costa Rica,CRI,2018,2.5842237
Costa Rica,CRI,2019,1.8911368
Costa Rica,CRI,2020,2.423311
Costa Rica,CRI,2021,2.1745749
Croatia,HRV,1990,1.7212708
Croatia,HRV,1991,4.9607954
Croatia,HRV,1992,3.8196518
Croatia,HRV,1993,2.237621
Croatia,HRV,1994,1.2350273
Croatia,HRV,1995,1.8177501
Croatia,HRV,1996,1.5649081
Croatia,HRV,1997,1.2870325
Croatia,HRV,1998,1.4287074
Croatia,HRV,1999,1.1967667
Croatia,HRV,2000,1.3604044
Croatia,HRV,2001,1.1908416
Croatia,HRV,2002,1.3542738
Croatia,HRV,2003,0.94940704
Croatia,HRV,2004,1.6004214
Croatia,HRV,2005,1.1718252
Croatia,HRV,2006,1.393197
Croatia,HRV,2007,1.0482657
Croatia,HRV,2008,1.0516481
Croatia,HRV,2009,1.0550749
Croatia,HRV,2010,1.4122156
Croatia,HRV,2011,0.9311612
Croatia,HRV,2012,0.80257875
Croatia,HRV,2013,0.9421607
Croatia,HRV,2014,0.76792234
Croatia,HRV,2015,0.6829828
Croatia,HRV,2016,0.9183304
Croatia,HRV,2017,0.8336035
Croatia,HRV,2018,0.3737703
Croatia,HRV,2019,0.6596766
Croatia,HRV,2020,0.9033791
Croatia,HRV,2021,0.67201495
Cuba,CUB,1992,3.3008058
Cuba,CUB,1993,3.4127712
Cuba,CUB,1994,3.915573
Cuba,CUB,1995,3.8606377
Cuba,CUB,1996,3.0531938
Cuba,CUB,1997,2.985459
Cuba,CUB,1998,3.4104192
Cuba,CUB,1999,2.8871458
Cuba,CUB,2000,2.8024127
Cuba,CUB,2001,2.8629704
Cuba,CUB,2002,3.3185384
Cuba,CUB,2003,2.7355647
Cuba,CUB,2004,2.603281
Cuba,CUB,2005,2.9887938
Cuba,CUB,2006,2.3621404
Cuba,CUB,2007,2.4657466
Cuba,CUB,2008,2.1266742
Cuba,CUB,2009,2.7090094
Cuba,CUB,2010,2.228811
Cuba,CUB,2011,2.3325398
Cuba,CUB,2012,2.4354818
Cuba,CUB,2013,2.590567
Cuba,CUB,2014,2.7456515
Cuba,CUB,2015,2.4437962
Cuba,CUB,2016,2.1259563
Cuba,CUB,2017,2.283963
Cuba,CUB,2018,1.8977051
Cuba,CUB,2019,1.845857
Curacao,CUW,2001,2.6484103
Curacao,CUW,2002,7.90009
Curacao,CUW,2003,2.6005774
Curacao,CUW,2004,8.971196
Curacao,CUW,2005,7.5682564
Curacao,CUW,2006,3.7188547
Curacao,CUW,2007,3.6541026
Cyprus,CYP,2004,0.79059744
Cyprus,CYP,2005,0.38806206
Cyprus,CYP,2006,0.76217264
Cyprus,CYP,2007,0.5614939
Cyprus,CYP,2008,0.36777043
Cyprus,CYP,2009,1.2649021
Cyprus,CYP,2010,0.17759056
Cyprus,CYP,2011,1.0506905
Cyprus,CYP,2012,0.8667141
Cyprus,CYP,2013,0.5153404
Cyprus,CYP,2014,0.8515189
Cyprus,CYP,2015,0.5064642
Cyprus,CYP,2016,0.83655685
Cyprus,CYP,2017,0
Cyprus,CYP,2018,0.9864511
Cyprus,CYP,2019,1.6307906
Cyprus,CYP,2020,0.80957896
Cyprus,CYP,2021,1.1271534
Czechia,CZE,1994,1.5605124
Czechia,CZE,1995,1.09513
Czechia,CZE,1996,1.0466446
Czechia,CZE,1997,1.2017986
Czechia,CZE,1998,0.9236928
Czechia,CZE,1999,1.1692044
Czechia,CZE,2000,0.93300885
Czechia,CZE,2001,0.89577323
Czechia,CZE,2002,1.1053839
Czechia,CZE,2003,1.1051409
Czechia,CZE,2004,0.94997084
Czechia,CZE,2005,0.85602385
Czechia,CZE,2006,1.0255862
Czechia,CZE,2007,1.042042
Czechia,CZE,2008,0.8309972
Czechia,CZE,2009,0.71529245
Czechia,CZE,2010,0.99430305
Czechia,CZE,2011,0.82342625
Czechia,CZE,2012,0.8972541
Czechia,CZE,2013,0.95308274
Czechia,CZE,2014,0.8409367
Czechia,CZE,2015,0.9155758
Czechia,CZE,2016,0.67278194
Czechia,CZE,2017,0.5607396
Czechia,CZE,2019,0.7292992
Czechia,CZE,2020,0.729863
Czechia,CZE,2021,0.50615615
Denmark,DNK,1990,0.9582026
Denmark,DNK,1991,1.6439612
Denmark,DNK,1992,1.2196419
Denmark,DNK,1993,0.98775524
Denmark,DNK,1994,0.94639057
Denmark,DNK,1995,0.71652687
Denmark,DNK,1996,0.97546107
Denmark,DNK,1997,1.5721864
Denmark,DNK,1998,0.78824675
Denmark,DNK,1999,1.060833
Denmark,DNK,2000,1.1848876
Denmark,DNK,2001,0.70489657
Denmark,DNK,2002,0.55187446
Denmark,DNK,2003,1.0271161
Denmark,DNK,2004,0.6215155
Denmark,DNK,2005,0.65569854
Denmark,DNK,2006,0.39921883
Denmark,DNK,2007,0.6146867
Denmark,DNK,2008,0.61884886
Denmark,DNK,2009,0.5022293
Denmark,DNK,2010,0.78598464
Denmark,DNK,2011,0.5336314
Denmark,DNK,2012,0.5668399
Denmark,DNK,2013,0.4587058
Denmark,DNK,2014,1.0892872
Denmark,DNK,2015,0.81777376
Denmark,DNK,2016,0.8007828
Denmark,DNK,2017,0.69288236
Denmark,DNK,2018,0.689569
Denmark,DNK,2019,0.9265066
Denmark,DNK,2020,0.5805298
Denmark,DNK,2021,0.50984275
Dominica,DMA,2001,2.9331534
Dominica,DMA,2002,0
Dominica,DMA,2003,6.6938467
Dominica,DMA,2008,5.8618364
Dominica,DMA,2010,5.508468
Dominica,DMA,2011,0
Dominica,DMA,2014,5.8064423
Dominica,DMA,2015,2.8683705
Dominica,DMA,2016,2.865699
Dominica,DMA,2017,5.697356
Dominica,DMA,2018,5.6544294
Dominica,DMA,2019,2.7968116
Dominica,DMA,2020,2.7691627
Dominica,DMA,2021,5.4985843
Dominican Republic,DOM,2005,4.7474647
Dominican Republic,DOM,2006,3.9342186
Dominican Republic,DOM,2007,3.7635891
Dominican Republic,DOM,2008,3.9852743
Dominican Republic,DOM,2009,3.7782307
Dominican Republic,DOM,2010,4.3497267
Dominican Republic,DOM,2011,4.7564974
Dominican Republic,DOM,2012,4.048328
Dominican Republic,DOM,2014,3.6692834
Dominican Republic,DOM,2016,3.2539308
Dominican Republic,DOM,2017,3.6127596
Dominican Republic,DOM,2018,2.841899
Dominican Republic,DOM,2019,2.6804833
Dominican Republic,DOM,2020,2.3391037
Dominican Republic,DOM,2021,2.565191
Ecuador,ECU,1990,1.5987906
Ecuador,ECU,1991,2.076796
Ecuador,ECU,1992,1.4334944
Ecuador,ECU,1993,1.4664958
Ecuador,ECU,1994,1.6346587
Ecuador,ECU,2000,2.2951186
Ecuador,ECU,2001,2.3111808
Ecuador,ECU,2002,2.841164
Ecuador,ECU,2003,2.7461734
Ecuador,ECU,2004,3.2245853
Ecuador,ECU,2005,2.409097
Ecuador,ECU,2006,3.1794107
Ecuador,ECU,2007,3.2235377
Ecuador,ECU,2008,2.9410937
Ecuador,ECU,2009,3.7497375
Ecuador,ECU,2010,3.1639094
Ecuador,ECU,2011,3.2695737
Ecuador,ECU,2012,2.984756
Ecuador,ECU,2013,3.2191594
Ecuador,ECU,2014,2.3317683
Ecuador,ECU,2015,2.1245914
Ecuador,ECU,2016,2.1539505
Ecuador,ECU,2017,2.3483615
Ecuador,ECU,2018,1.6223803
Ecuador,ECU,2019,1.7183769
Ecuador,ECU,2020,1.8753308
Ecuador,ECU,2021,2.5474412
Egypt,EGY,2004,0.13599731
Egypt,EGY,2005,0.16152412
Egypt,EGY,2006,0.36202013
Egypt,EGY,2007,0.40179324
Egypt,EGY,2008,0.2668492
Egypt,EGY,2009,0.4572903
Egypt,EGY,2010,0.45732412
Egypt,EGY,2011,0.75174415
Egypt,EGY,2012,0.5815236
Egypt,EGY,2020,0.3106892
Egypt,EGY,2021,0.54812896
El Salvador,SLV,2005,12.654286
El Salvador,SLV,2006,14.21872
El Salvador,SLV,2007,10.779985
El Salvador,SLV,2008,10.0099325
El Salvador,SLV,2009,18.621086
El Salvador,SLV,2010,17.610052
El Salvador,SLV,2011,19.601772
El Salvador,SLV,2012,10.010626
El Salvador,SLV,2013,6.7189026
El Salvador,SLV,2014,9.0663185
El Salvador,SLV,2015,17.663654
El Salvador,SLV,2016,16.041075
El Salvador,SLV,2017,14.31203
El Salvador,SLV,2018,11.753732
El Salvador,SLV,2019,6.9958177
El Salvador,SLV,2020,3.9753582
El Salvador,SLV,2021,4.021194
Estonia,EST,1994,7.845118
Estonia,EST,1995,4.153974
Estonia,EST,1996,6.18865
Estonia,EST,1997,5.138154
Estonia,EST,1998,5.39323
Estonia,EST,1999,5.4433227
Estonia,EST,2000,3.431121
Estonia,EST,2001,4.0174646
Estonia,EST,2002,4.3616295
Estonia,EST,2003,5.4205422
Estonia,EST,2004,2.1762326
Estonia,EST,2005,3.9290304
Estonia,EST,2006,3.4439561
Estonia,EST,2007,2.676206
Estonia,EST,2008,2.6422613
Estonia,EST,2009,3.0281029
Estonia,EST,2010,2.3066201
Estonia,EST,2011,1.9759568
Estonia,EST,2012,2.4095328
Estonia,EST,2013,2.5624764
Estonia,EST,2014,1.2859163
Estonia,EST,2015,1.5325685
Estonia,EST,2016,1.2879683
Estonia,EST,2017,1.1458035
Estonia,EST,2018,0.7155666
Estonia,EST,2019,0.85770035
Estonia,EST,2020,1.429381
Estonia,EST,2021,0.5726307
Europe (UN),,2000,4.0257554
Europe (UN),,2001,4.156596
Europe (UN),,2002,4.1322875
Europe (UN),,2003,3.9595275
Europe (UN),,2004,3.7029502
Europe (UN),,2005,3.3741477
Europe (UN),,2006,2.896723
Europe (UN),,2007,2.576009
Europe (UN),,2008,2.049845
Europe (UN),,2009,2.0359988
Europe (UN),,2010,1.9392663
Europe (UN),,2011,1.8218085
Europe (UN),,2012,1.8348252
Europe (UN),,2013,1.7881984
Europe (UN),,2014,1.8088174
Europe (UN),,2015,1.8429911
Europe (UN),,2016,1.7788299
Europe (UN),,2017,1.5647516
Europe (UN),,2018,1.4243432
Europe (UN),,2019,1.2978619
Europe (UN),,2020,1.2539666
Europe (UN),,2021,1.1800674
Fiji,FJI,2005,2.0978777
Fiji,FJI,2006,2.7728674
Fiji,FJI,2007,4.1266513
Fiji,FJI,2008,2.2762659
Fiji,FJI,2009,1.80904
Fiji,FJI,2010,1.3491392
Fiji,FJI,2011,2.0136638
Fiji,FJI,2012,1.5592943
Fiji,FJI,2013,1.774871
Fiji,FJI,2014,2.6523645
Finland,FIN,1990,1.4802996
Finland,FIN,1991,1.473316
Finland,FIN,1992,2.1221828
Finland,FIN,1993,1.5344694
Finland,FIN,1994,1.8073727
Finland,FIN,1995,1.8566347
Finland,FIN,1996,1.7462234
Finland,FIN,1997,1.3744774
Finland,FIN,1998,1.198058
Finland,FIN,1999,1.1927236
Finland,FIN,2000,1.7276955
Finland,FIN,2001,1.793559
Finland,FIN,2002,1.642118
Finland,FIN,2003,1.1325415
Finland,FIN,2004,1.2356508
Finland,FIN,2005,1.306523
Finland,FIN,2006,1.3763819
Finland,FIN,2007,1.7788128
Finland,FIN,2008,1.6241347
Finland,FIN,2009,1.2497891
Finland,FIN,2010,0.98845446
Finland,FIN,2011,1.3490386
Finland,FIN,2012,1.4885918
Finland,FIN,2013,0.8317103
Finland,FIN,2014,0.97285587
Finland,FIN,2015,0.57496214
Finland,FIN,2016,0.78900385
Finland,FIN,2017,1.0743358
Finland,FIN,2018,0.85890377
Finland,FIN,2019,1.0015103
France,FRA,2015,1.15916
France,FRA,2016,0.8534969
France,FRA,2017,0.7759099
France,FRA,2018,0.671826
France,FRA,2019,0.7847616
France,FRA,2020,0.58251476
France,FRA,2021,0.6839409
French Guiana,GUF,2006,3.3362725
French Guiana,GUF,2007,1.6266284
French Guiana,GUF,2008,1.2632374
French Guiana,GUF,2009,4.84405
Georgia,GEO,2004,1.5955945
Georgia,GEO,2005,3.4043849
Georgia,GEO,2006,2.1451285
Georgia,GEO,2007,2.1631007
Georgia,GEO,2008,2.0842981
Georgia,GEO,2009,1.6170726
Georgia,GEO,2010,1.3762149
Georgia,GEO,2014,1.679275
Georgia,GEO,2016,1.7048477
Georgia,GEO,2017,1.0524095
Georgia,GEO,2018,1.1021304
Georgia,GEO,2019,0.9518745
Georgia,GEO,2020,1.2033341
Germany,DEU,1990,0.92755944
Germany,DEU,1991,1.1008941
Germany,DEU,1992,1.1334386
Germany,DEU,1993,1.339238
Germany,DEU,1994,1.6310614
Germany,DEU,1995,1.6592596
Germany,DEU,1996,1.5997398
Germany,DEU,1997,1.555097
Germany,DEU,1998,1.4418234
Germany,DEU,1999,1.2315427
Germany,DEU,2000,1.3009758
Germany,DEU,2001,1.1750381
Germany,DEU,2002,1.1331186
Germany,DEU,2003,1.1657659
Germany,DEU,2004,1.097712
Germany,DEU,2005,1.0749325
Germany,DEU,2006,1.0617281
Germany,DEU,2007,0.9376183
Germany,DEU,2008,0.8829662
Germany,DEU,2009,0.9293981
Germany,DEU,2010,0.9467843
Germany,DEU,2011,0.8144036
Germany,DEU,2012,0.7130921
Germany,DEU,2013,0.7898944
Germany,DEU,2014,0.8155311
Germany,DEU,2015,0.78534317
Germany,DEU,2016,1.1235772
Germany,DEU,2017,0.90749395
Germany,DEU,2018,0.8737707
Germany,DEU,2019,0.6551997
Germany,DEU,2020,0.8457007
Germany,DEU,2021,0.797547
Ghana,GHA,2020,0.46821225
Ghana,GHA,2021,0.5770053
Greece,GRC,1990,0.63441384
Greece,GRC,1991,0.79946405
Greece,GRC,1992,0.5713614
Greece,GRC,1993,0.7415148
Greece,GRC,1994,0.5629994
Greece,GRC,1995,0.8053702
Greece,GRC,1996,0.99376035
Greece,GRC,1997,0.7121334
Greece,GRC,1998,0.77898794
Greece,GRC,1999,0.734817
Greece,GRC,2001,0.6404286
Greece,GRC,2002,0.4219243
Greece,GRC,2003,0.59149563
Greece,GRC,2004,0.5313116
Greece,GRC,2005,0.79388994
Greece,GRC,2006,0.393486
Greece,GRC,2007,0.6260874
Greece,GRC,2008,0.5905009
Greece,GRC,2009,0.44744676
Greece,GRC,2010,0.6088557
Greece,GRC,2011,0.57376665
Greece,GRC,2012,0.70094705
Greece,GRC,2013,0.901606
Greece,GRC,2014,0.4886792
Greece,GRC,2015,0.5453341
Greece,GRC,2016,0.47482285
Greece,GRC,2017,0.42210704
Greece,GRC,2018,0.53497905
Greece,GRC,2019,0.3523828
Greece,GRC,2020,0.3543953
Greece,GRC,2021,0.61931384
Grenada,GRD,2005,5.4890766
Grenada,GRD,2006,5.4530582
Grenada,GRD,2007,3.6117382
Grenada,GRD,2008,3.5883772
Grenada,GRD,2009,5.3474984
Grenada,GRD,2010,3.5412645
Grenada,GRD,2011,1.7564043
Grenada,GRD,2012,8.69777
Grenada,GRD,2013,3.4454541
Grenada,GRD,2014,5.11893
Grenada,GRD,2015,3.3806627
Grenada,GRD,2016,8.374017
Grenada,GRD,2017,3.3201082
Grenada,GRD,2018,1.6461583
Grenada,GRD,2019,1.6329063
Grenada,GRD,2020,4.858575
Grenada,GRD,2021,1.6063354
Guadeloupe,GLP,2004,4.394612
Guadeloupe,GLP,2005,0.72026366
Guadeloupe,GLP,2006,3.0843287
Guadeloupe,GLP,2008,3.7422874
Guadeloupe,GLP,2009,2.5160046
Guatemala,GTM,2004,7.679707
Guatemala,GTM,2005,7.831162
Guatemala,GTM,2006,8.923703
Guatemala,GTM,2007,8.5478325
Guatemala,GTM,2008,9.749268
Guatemala,GTM,2009,10.014528
Guatemala,GTM,2010,9.476146
Guatemala,GTM,2011,8.446902
Guatemala,GTM,2012,7.507886
Guatemala,GTM,2013,8.404519
Guatemala,GTM,2014,7.945268
Guatemala,GTM,2017,9.51323
Guatemala,GTM,2018,8.877628
Guatemala,GTM,2019,8.165627
Guatemala,GTM,2020,5.145794
Guatemala,GTM,2021,6.1294403
Guyana,GUY,2005,7.3557906
Guyana,GUY,2006,6.04897
Guyana,GUY,2007,7.3772445
Guyana,GUY,2008,10.03719
Guyana,GUY,2009,7.6846538
Guyana,GUY,2010,8.245832
Guyana,GUY,2011,9.082652
Guyana,GUY,2012,7.2102866
Guyana,GUY,2013,7.957349
Guyana,GUY,2015,7.3028874
Guyana,GUY,2016,2.586131
Guyana,GUY,2017,5.38503
Guyana,GUY,2018,5.757571
Guyana,GUY,2019,4.4342403
Guyana,GUY,2020,9.575192
Guyana,GUY,2021,2.190146
Haiti,HTI,2013,1.3558671
Haiti,HTI,2014,1.6411539
Haiti,HTI,2015,1.6736907
Haiti,HTI,2016,1.4643939
Haiti,HTI,2018,1.0452931
Haiti,HTI,2020,1.5259391
Haiti,HTI,2021,1.870221
Honduras,HND,2006,5.48015
Honduras,HND,2007,8.284573
Honduras,HND,2008,7.7857285
Honduras,HND,2009,8.899519
Honduras,HND,2010,9.214475
Honduras,HND,2011,11.334889
Honduras,HND,2012,13.94588
Honduras,HND,2013,11.052238
Honduras,HND,2014,10.983648
Honduras,HND,2015,10.406169
Honduras,HND,2016,9.961176
Honduras,HND,2017,8.21246
Honduras,HND,2018,7.6382856
Honduras,HND,2019,8.057585
Honduras,HND,2020,6.508568
Honduras,HND,2021,6.4666486
Hong Kong,HKG,2003,0.62146777
Hong Kong,HKG,2004,0.5599043
Hong Kong,HKG,2005,0.3611434
Hong Kong,HKG,2006,0.49613866
Hong Kong,HKG,2007,0.30023116
Hong Kong,HKG,2008,0.67504734
Hong Kong,HKG,2009,0.66834575
Hong Kong,HKG,2010,0.5033062
Hong Kong,HKG,2011,0.23614492
Hong Kong,HKG,2012,0.31142488
Hong Kong,HKG,2013,0.9494846
Hong Kong,HKG,2014,0.3301763
Hong Kong,HKG,2015,0.22647674
Hong Kong,HKG,2016,0.27506796
Hong Kong,HKG,2017,0.37375522
Hong Kong,HKG,2018,0.39749843
Hong Kong,HKG,2019,0.32224113
Hong Kong,HKG,2020,0.22284004
Hong Kong,HKG,2021,0.27241364
Hungary,HUN,1990,1.2846931
Hungary,HUN,1991,2.1501327
Hungary,HUN,1992,2.114909
Hungary,HUN,1993,2.1766965
Hungary,HUN,1994,1.8267857
Hungary,HUN,1995,1.8143182
Hungary,HUN,1996,2.1050332
Hungary,HUN,1997,2.0771363
Hungary,HUN,1998,2.1130009
Hungary,HUN,1999,1.9633274
Hungary,HUN,2000,1.6345913
Hungary,HUN,2001,1.5926257
Hungary,HUN,2002,1.6360753
Hungary,HUN,2003,1.7126478
Hungary,HUN,2004,1.6600099
Hungary,HUN,2005,1.4453746
Hungary,HUN,2006,1.4092325
Hungary,HUN,2007,1.1946769
Hungary,HUN,2008,1.3297917
Hungary,HUN,2009,1.1987997
Hungary,HUN,2010,1.1634738
Hungary,HUN,2011,0.8042944
Hungary,HUN,2012,1.1151037
Hungary,HUN,2013,1.3694582
Hungary,HUN,2014,1.2964659
Hungary,HUN,2015,1.979924
Hungary,HUN,2016,1.5975544
Hungary,HUN,2017,0.8601874
Hungary,HUN,2018,0.84275067
Hungary,HUN,2019,0.6086544
Hungary,HUN,2020,0.768009
Hungary,HUN,2021,0.51429117
Iceland,ISL,1996,0
Iceland,ISL,1999,0.7212405
Iceland,ISL,2005,0
Iceland,ISL,2007,0
Iceland,ISL,2009,0
Iceland,ISL,2010,0
Iceland,ISL,2011,0.62903565
Iceland,ISL,2012,0.62520516
Iceland,ISL,2013,0
Iceland,ISL,2014,0.61248237
Iceland,ISL,2015,0
Iceland,ISL,2016,0.6009074
Iceland,ISL,2017,1.1819876
Iceland,ISL,2018,0.57930213
Iceland,ISL,2019,0
Iceland,ISL,2020,2.2398736
Iceland,ISL,2021,0.55397826
India,IND,1999,2.9195058
India,IND,2000,2.9713376
India,IND,2001,2.8754518
India,IND,2002,2.7394724
India,IND,2003,2.6842668
India,IND,2004,2.8934426
India,IND,2005,2.7403207
India,IND,2006,2.7523782
India,IND,2007,2.9248385
India,IND,2008,2.9172893
India,IND,2009,3.0222714
India,IND,2010,2.9832354
India,IND,2011,3.0839176
India,IND,2012,2.997006
India,IND,2013,2.8712306
India,IND,2014,2.894425
India,IND,2015,2.6729825
India,IND,2016,2.7605011
India,IND,2017,2.6470451
India,IND,2018,2.6038144
India,IND,2019,2.577569
India,IND,2020,2.4257743
India,IND,2021,2.4979246
Iran,IRN,2013,0.75605327
Iran,IRN,2014,0.5690348
Iraq,IRQ,2008,4.271075
Iraq,IRQ,2009,6.2521853
Iraq,IRQ,2010,3.0689332
Iraq,IRQ,2011,3.0169013
Iraq,IRQ,2012,2.99924
Iraq,IRQ,2013,3.0385706
Ireland,IRL,1990,0.1321934
Ireland,IRL,1991,0.43494883
Ireland,IRL,1992,0.30195504
Ireland,IRL,1993,0.33649507
Ireland,IRL,1994,0.27914208
Ireland,IRL,1995,0.3534036
Ireland,IRL,1996,0.98081905
Ireland,IRL,1997,0.6217593
Ireland,IRL,1998,0.35021803
Ireland,IRL,1999,0.3290638
Ireland,IRL,2000,0.41076887
Ireland,IRL,2001,0.40492323
Ireland,IRL,2002,0.5553171
Ireland,IRL,2003,0.4127772
Ireland,IRL,2004,0.24684635
Ireland,IRL,2005,0.3976216
Ireland,IRL,2006,0.767079
Ireland,IRL,2007,0.51122713
Ireland,IRL,2008,0.4460445
Ireland,IRL,2009,0.43062282
Ireland,IRL,2010,0.31776682
Ireland,IRL,2011,0.065479726
Ireland,IRL,2012,0.55065876
Ireland,IRL,2013,0.3386909
Ireland,IRL,2015,0.29689693
Ireland,IRL,2016,0.08396514
Ireland,IRL,2017,0.6225433
Ireland,IRL,2018,0.40980348
Ireland,IRL,2019,0.3237713
Ireland,IRL,2020,0.24040364
Ireland,IRL,2021,0.27826285
Israel,ISR,1993,1.3093691
Israel,ISR,1994,1.0829678
Israel,ISR,1999,0.70938873
Israel,ISR,2000,1.257066
Israel,ISR,2001,1.2014769
Israel,ISR,2002,1.1484185
Israel,ISR,2003,1.097247
Israel,ISR,2004,0.92803204
Israel,ISR,2005,1.412306
Israel,ISR,2006,1.0703634
Israel,ISR,2007,0.76792485
Israel,ISR,2008,0.81081516
Israel,ISR,2009,0.7420101
Israel,ISR,2010,0.86443627
Israel,ISR,2011,0.9029975
Israel,ISR,2012,0.6267842
Israel,ISR,2013,0.8988406
Israel,ISR,2014,0.5808088
Israel,ISR,2015,0.5955969
Israel,ISR,2016,0.56061804
Israel,ISR,2017,0.55086774
Israel,ISR,2018,0.61223316
Israel,ISR,2019,0.43978027
Israel,ISR,2020,0.5235319
Israel,ISR,2021,0.60498685
Italy,ITA,1990,0.70757586
Italy,ITA,1991,0.79003185
Italy,ITA,1992,0.73546106
Italy,ITA,1993,0.6672375
Italy,ITA,1994,0.5307255
Italy,ITA,1995,0.681318
Italy,ITA,1996,0.73601574
Italy,ITA,1997,0.65654963
Italy,ITA,1998,0.66143686
Italy,ITA,1999,0.61665213
Italy,ITA,2000,0.6480019
Italy,ITA,2001,0.58168495
Italy,ITA,2002,0.62034184
Italy,ITA,2003,0.66659075
Italy,ITA,2005,0.45374128
Italy,ITA,2006,0.5919248
Italy,ITA,2007,0.49402517
Italy,ITA,2008,0.4836798
Italy,ITA,2009,0.5631115
Italy,ITA,2010,0.50041586
Italy,ITA,2011,0.53624696
Italy,ITA,2012,0.5235652
Italy,ITA,2013,0.575618
Italy,ITA,2014,0.47284085
Italy,ITA,2015,0.43816194
Italy,ITA,2016,0.48816526
Italy,ITA,2017,0.42807072
Italy,ITA,2018,0.45878398
Italy,ITA,2019,0.36229905
Italy,ITA,2020,0.38017005
Italy,ITA,2021,0.3918718
Jamaica,JAM,2005,13.774788
Jamaica,JAM,2006,11.202987
Jamaica,JAM,2007,11.082203
Jamaica,JAM,2008,12.066162
Jamaica,JAM,2009,11.363855
Jamaica,JAM,2010,10.519538
Jamaica,JAM,2011,8.595769
Jamaica,JAM,2012,9.130657
Jamaica,JAM,2013,9.305262
Jamaica,JAM,2014,7.1315103
Jamaica,JAM,2015,8.245567
Jamaica,JAM,2016,9.568588
Jamaica,JAM,2017,11.316713
Jamaica,JAM,2018,9.111324
Jamaica,JAM,2019,9.03243
Jamaica,JAM,2020,7.9534507
Jamaica,JAM,2021,9.335017
Japan,JPN,1990,0.48381415
Japan,JPN,1991,0.47262672
Japan,JPN,1992,0.47737867
Japan,JPN,1993,0.5011372
Japan,JPN,1994,0.48230052
Japan,JPN,1995,0.5325769
Japan,JPN,1996,0.45612255
Japan,JPN,1997,0.4859776
Japan,JPN,1998,0.5530069
Japan,JPN,1999,0.52374524
Japan,JPN,2000,0.5100754
Japan,JPN,2001,0.48562628
Japan,JPN,2002,0.4844605
Japan,JPN,2003,0.48802626
Japan,JPN,2004,0.5100731
Japan,JPN,2005,0.4878582
Japan,JPN,2006,0.49483487
Japan,JPN,2007,0.43013552
Japan,JPN,2008,0.51656365
Japan,JPN,2009,0.38524142
Japan,JPN,2010,0.36078328
Japan,JPN,2011,0.35638782
Japan,JPN,2012,0.36587995
Japan,JPN,2013,0.29151878
Japan,JPN,2014,0.3148513
Japan,JPN,2015,0.33372357
Japan,JPN,2016,0.30213088
Japan,JPN,2017,0.2659575
Japan,JPN,2018,0.27599838
Japan,JPN,2019,0.28004268
Japan,JPN,2020,0.2905389
Japan,JPN,2021,0.209228
Jordan,JOR,2007,0.9238895
Jordan,JOR,2008,0.93218756
Jordan,JOR,2009,1.093603
Jordan,JOR,2010,1.1285907
Jordan,JOR,2011,0.8102363
Jordan,JOR,2012,0.7128281
Jordan,JOR,2016,0.699497
Jordan,JOR,2017,0.6730633
Jordan,JOR,2018,0.51748574
Jordan,JOR,2019,0.5249773
Jordan,JOR,2020,0.47547078
Jordan,JOR,2021,0.57748306
Kazakhstan,KAZ,2008,4.271936
Kazakhstan,KAZ,2009,4.836819
Kazakhstan,KAZ,2010,3.9483716
Kazakhstan,KAZ,2011,3.7262073
Kazakhstan,KAZ,2012,3.0848024
Kazakhstan,KAZ,2013,3.0881188
Kazakhstan,KAZ,2014,2.2203293
Kazakhstan,KAZ,2015,2.6968434
Kazakhstan,KAZ,2017,2.3172133
Kazakhstan,KAZ,2020,1.521424
Kenya,KEN,2014,2.2653458
Kenya,KEN,2015,2.5916886
Kenya,KEN,2016,2.6488886
Kenya,KEN,2017,1.7568148
Kenya,KEN,2018,1.7362958
Kenya,KEN,2019,1.5421007
Kenya,KEN,2020,1.7134081
Kenya,KEN,2021,2.6415799
Kosovo,OWID_KOS,2008,2.867942
Kosovo,OWID_KOS,2009,1.2284409
Kosovo,OWID_KOS,2010,2.2319012
Kosovo,OWID_KOS,2011,0.99874604
Kosovo,OWID_KOS,2012,1.2124512
Kosovo,OWID_KOS,2013,0.44224745
Kosovo,OWID_KOS,2014,1.3473192
Kosovo,OWID_KOS,2015,1.1344956
Kosovo,OWID_KOS,2016,0.9118368
Kosovo,OWID_KOS,2017,1.4978753
Kosovo,OWID_KOS,2018,1.0500556
Kosovo,OWID_KOS,2019,0.35478523
Kosovo,OWID_KOS,2020,0.95504373
Kosovo,OWID_KOS,2021,0.35988763
Kuwait,KWT,2003,0.580346
Kuwait,KWT,2004,1.2505897
Kuwait,KWT,2005,1.7477744
Kuwait,KWT,2006,0.6132452
Kuwait,KWT,2007,1.1426259
Kuwait,KWT,2008,0.9800781
Kuwait,KWT,2009,1.0045309
Kuwait,KWT,2010,1.0254663
Kuwait,KWT,2011,0.8116569
Kuwait,KWT,2012,0.68660593
Kuwait,KWT,2017,1.4224306
Kuwait,KWT,2018,0.8426907
Kuwait,KWT,2019,0.23489645
Kuwait,KWT,2020,1.0654768
Latvia,LVA,2012,3.3133562
Latvia,LVA,2013,2.1749582
Latvia,LVA,2014,3.3517575
Latvia,LVA,2015,2.7275517
Latvia,LVA,2016,3.1844866
Latvia,LVA,2017,3.9773896
Latvia,LVA,2018,4.1189494
Latvia,LVA,2019,4.0695543
Latvia,LVA,2020,4.1178813
Latvia,LVA,2021,3.57881
Lebanon,LBN,2010,0.95316464
Lebanon,LBN,2011,1.140937
Lebanon,LBN,2012,0.57519835
Lebanon,LBN,2013,0.7346252
Lebanon,LBN,2014,0.6968626
Lebanon,LBN,2015,0.7441339
Lebanon,LBN,2016,0.6945838
Lebanon,LBN,2017,1.1270677
Lebanon,LBN,2018,1.1187258
Lebanon,LBN,2019,0.80868447
Lebanon,LBN,2020,0.9949776
Liechtenstein,LIE,2009,0
Liechtenstein,LIE,2010,0
Liechtenstein,LIE,2011,0
Liechtenstein,LIE,2012,0
Liechtenstein,LIE,2013,0
Liechtenstein,LIE,2014,0
Liechtenstein,LIE,2015,0
Liechtenstein,LIE,2016,0
Liechtenstein,LIE,2017,5.243014
Liechtenstein,LIE,2018,5.2029138
Liechtenstein,LIE,2020,5.11941
Liechtenstein,LIE,2021,5.079752
Lithuania,LTU,1993,4.9816365
Lithuania,LTU,1994,6.114387
Lithuania,LTU,1995,7.6533494
Lithuania,LTU,1996,5.874853
Lithuania,LTU,1997,5.8431144
Lithuania,LTU,1998,4.6658897
Lithuania,LTU,1999,4.7120886
Lithuania,LTU,2000,5.287284
Lithuania,LTU,2001,4.6762166
Lithuania,LTU,2002,3.6934242
Lithuania,LTU,2003,5.555902
Lithuania,LTU,2004,7.058188
Lithuania,LTU,2005,5.5017123
Lithuania,LTU,2006,4.1840854
Lithuania,LTU,2007,4.07386
Lithuania,LTU,2008,4.6475654
Lithuania,LTU,2009,3.7223413
Lithuania,LTU,2010,4.42111
Lithuania,LTU,2011,3.9425535
Lithuania,LTU,2012,3.2069678
Lithuania,LTU,2013,3.6774013
Lithuania,LTU,2014,3.2894268
Lithuania,LTU,2015,3.0786185
Lithuania,LTU,2016,2.9253888
Lithuania,LTU,2017,1.673639
Lithuania,LTU,2018,1.107577
Lithuania,LTU,2019,1.4500414
Lithuania,LTU,2020,1.934536
Lithuania,LTU,2021,1.4875791
Luxembourg,LUX,1996,0.95240813
Luxembourg,LUX,2001,1.7879332
Luxembourg,LUX,2004,0.43221936
Luxembourg,LUX,2006,0.838986
Luxembourg,LUX,2007,1.2394261
Luxembourg,LUX,2009,0
Luxembourg,LUX,2010,1.962027
Luxembourg,LUX,2011,0
Luxembourg,LUX,2012,0
Luxembourg,LUX,2013,0
Luxembourg,LUX,2014,0.72050005
Luxembourg,LUX,2019,0.3245257
Luxembourg,LUX,2020,0
Macao,MAC,1994,2.9910195
Macao,MAC,2008,1.0896708
Macao,MAC,2009,1.0617929
Macao,MAC,2010,0
Macao,MAC,2011,1.0094383
Macao,MAC,2012,0.3291038
Macao,MAC,2013,0.32239658
Macao,MAC,2014,0.31586146
Macao,MAC,2015,0.3094586
Macao,MAC,2016,0
Macao,MAC,2017,0.5937863
Macao,MAC,2018,0.29070908
Macao,MAC,2019,0
Macao,MAC,2020,0.55768096
Macao,MAC,2021,0.8234497
Maldives,MDV,2016,2.0775604
Maldives,MDV,2017,2.5023334
Malta,MLT,2004,1.9431484
Malta,MLT,2005,0.9678551
Malta,MLT,2006,0
Malta,MLT,2007,0.4813084
Malta,MLT,2008,0.47978428
Malta,MLT,2009,1.4327879
Malta,MLT,2010,0.47448573
Malta,MLT,2011,1.4101588
Malta,MLT,2012,1.3932621
Malta,MLT,2013,0
Malta,MLT,2014,0.4505956
Malta,MLT,2015,0.8852691
Malta,MLT,2016,0.8686701
Malta,MLT,2017,0.42591706
Malta,MLT,2018,1.670582
Malta,MLT,2019,1.2295057
Malta,MLT,2020,0.40250033
Malta,MLT,2021,0
Martinique,MTQ,2006,2.3708818
Martinique,MTQ,2007,2.5877593
Martinique,MTQ,2008,2.0051048
Martinique,MTQ,2009,1.4170796
Mauritius,MUS,1990,0.80450195
Mauritius,MUS,1991,0.8024068
Mauritius,MUS,1992,1.5700661
Mauritius,MUS,1993,1.0442548
Mauritius,MUS,1994,2.0280418
Mauritius,MUS,1995,0.86555505
Mauritius,MUS,1996,1.3574294
Mauritius,MUS,1997,0.8123037
Mauritius,MUS,1998,1.1130289
Mauritius,MUS,1999,1.6190376
Mauritius,MUS,2000,1.8692449
Mauritius,MUS,2003,1.7611909
Mauritius,MUS,2004,1.1161907
Mauritius,MUS,2005,2.0838783
Mauritius,MUS,2006,1.9996697
Mauritius,MUS,2007,1.9225643
Mauritius,MUS,2008,2.7345204
Mauritius,MUS,2009,2.48469
Mauritius,MUS,2010,1.2381697
Mauritius,MUS,2011,1.2346689
Mauritius,MUS,2012,1.5395747
Mauritius,MUS,2013,1.6901599
Mauritius,MUS,2014,1.2272093
Mauritius,MUS,2015,0.91918385
Mauritius,MUS,2016,1.5302511
Mauritius,MUS,2017,1.9869442
Mauritius,MUS,2018,2.1375906
Mauritius,MUS,2019,0.91497517
Mauritius,MUS,2020,1.6743891
Mauritius,MUS,2021,1.8237941
Mexico,MEX,1990,3.6700335
Mexico,MEX,1991,3.6308677
Mexico,MEX,1992,3.762936
Mexico,MEX,1993,3.5263271
Mexico,MEX,1994,3.2867484
Mexico,MEX,1995,3.3316934
Mexico,MEX,1996,3.130892
Mexico,MEX,1997,2.8865426
Mexico,MEX,1998,3.1699607
Mexico,MEX,1999,2.872418
Mexico,MEX,2000,2.572003
Mexico,MEX,2001,2.5298545
Mexico,MEX,2002,2.4866664
Mexico,MEX,2003,2.520657
Mexico,MEX,2004,2.2746534
Mexico,MEX,2005,2.4131513
Mexico,MEX,2006,2.3816655
Mexico,MEX,2007,1.9609339
Mexico,MEX,2008,2.5465887
Mexico,MEX,2009,3.4027896
Mexico,MEX,2010,4.209171
Mexico,MEX,2011,4.6217155
Mexico,MEX,2012,4.67826
Mexico,MEX,2013,4.4234467
Mexico,MEX,2014,3.9729073
Mexico,MEX,2015,3.8858464
Mexico,MEX,2016,4.534932
Mexico,MEX,2017,5.469392
Mexico,MEX,2018,5.924644
Mexico,MEX,2019,6.0925145
Mexico,MEX,2020,6.143375
Mexico,MEX,2021,6.1712594
Micronesia (country),FSM,2019,1.8080894
Moldova,MDA,1991,4.068822
Moldova,MDA,1992,5.298366
Moldova,MDA,1993,4.7488265
Moldova,MDA,1994,4.3768325
Moldova,MDA,1995,3.9843552
Moldova,MDA,1996,4.8198323
Moldova,MDA,1997,4.587404
Moldova,MDA,1998,3.9481444
Moldova,MDA,1999,4.333535
Moldova,MDA,2000,5.373717
Moldova,MDA,2001,5.435075
Moldova,MDA,2002,5.795772
Moldova,MDA,2003,4.9794416
Moldova,MDA,2004,4.334754
Moldova,MDA,2005,4.7485037
Moldova,MDA,2006,3.6642866
Moldova,MDA,2007,3.3360054
Moldova,MDA,2008,4.542372
Moldova,MDA,2009,3.6054041
Moldova,MDA,2010,5.2822356
Moldova,MDA,2011,4.6109657
Moldova,MDA,2012,3.4233372
Moldova,MDA,2013,3.8493476
Moldova,MDA,2014,0.9707984
Moldova,MDA,2015,2.7344406
Moldova,MDA,2016,2.838119
Moldova,MDA,2017,2.1584823
Moldova,MDA,2018,2.488102
Moldova,MDA,2019,1.838873
Moldova,MDA,2020,1.6055602
Monaco,MCO,2013,0
Monaco,MCO,2015,0
Mongolia,MNG,2007,5.0769997
Mongolia,MNG,2008,3.7048924
Mongolia,MNG,2009,4.407771
Mongolia,MNG,2010,4.9404674
Mongolia,MNG,2011,4.356066
Mongolia,MNG,2012,4.0634875
Mongolia,MNG,2013,4.055727
Mongolia,MNG,2014,3.6996095
Mongolia,MNG,2015,3.4202776
Mongolia,MNG,2016,2.559187
Mongolia,MNG,2017,2.8893726
Mongolia,MNG,2018,2.8272414
Mongolia,MNG,2019,2.459518
Mongolia,MNG,2020,2.4121954
Mongolia,MNG,2021,2.5499306
Montenegro,MNE,2007,0.92355007
Montenegro,MNE,2008,1.5416325
Montenegro,MNE,2009,2.0625887
Montenegro,MNE,2010,2.162496
Montenegro,MNE,2011,0.92590594
Montenegro,MNE,2012,0.9244009
Montenegro,MNE,2013,0.30782208
Montenegro,MNE,2014,1.2307067
Montenegro,MNE,2015,0.92358136
Montenegro,MNE,2016,0.9247115
Montenegro,MNE,2017,1.2345318
Montenegro,MNE,2018,0.61820936
Montenegro,MNE,2019,1.5479254
Montenegro,MNE,2020,0.93042874
Montenegro,MNE,2021,0.62117106
Montserrat,MSR,1990,0
Montserrat,MSR,1991,0
Montserrat,MSR,1992,0
Montserrat,MSR,1993,0
Montserrat,MSR,1994,22.512383
Montserrat,MSR,1995,0
Montserrat,MSR,1996,0
Montserrat,MSR,1997,0
Montserrat,MSR,1998,0
Montserrat,MSR,1999,0
Montserrat,MSR,2000,0
Montserrat,MSR,2001,0
Montserrat,MSR,2002,0
Montserrat,MSR,2003,0
Montserrat,MSR,2004,0
Montserrat,MSR,2005,0
Montserrat,MSR,2006,0
Montserrat,MSR,2008,0
Montserrat,MSR,2012,41.467964
Morocco,MAR,2009,0.33132908
Morocco,MAR,2012,0.33746234
Morocco,MAR,2013,0.39255956
Morocco,MAR,2014,0.34649247
Morocco,MAR,2015,0.56278026
Morocco,MAR,2016,0.60198736
Morocco,MAR,2017,0.64034754
Morocco,MAR,2018,0.3923725
Morocco,MAR,2019,0.64918417
Morocco,MAR,2020,0.46118838
Morocco,MAR,2021,0.5377243
Myanmar,MMR,2009,0.533799
Myanmar,MMR,2010,0.61052907
Myanmar,MMR,2011,0.40097526
Myanmar,MMR,2012,0.9579893
Myanmar,MMR,2013,0.8196169
Myanmar,MMR,2014,0.804816
Myanmar,MMR,2015,0.8718052
Myanmar,MMR,2016,0.9608047
Myanmar,MMR,2017,0.9799767
Myanmar,MMR,2018,1.0067474
Myanmar,MMR,2019,1.0219071
Myanmar,MMR,2020,0.96953344
Myanmar,MMR,2021,7.2884316
Namibia,NAM,2018,9.647687
Namibia,NAM,2019,8.140577
Namibia,NAM,2020,6.679936
Namibia,NAM,2021,6.799164
Netherlands,NLD,1990,0.5688104
Netherlands,NLD,1991,0.77512336
Netherlands,NLD,1992,0.691511
Netherlands,NLD,1993,0.7129049
Netherlands,NLD,1994,0.6568799
Netherlands,NLD,1995,0.9600447
Netherlands,NLD,1996,0.83993596
Netherlands,NLD,1997,0.79719186
Netherlands,NLD,1998,0.5913197
Netherlands,NLD,1999,0.73820895
Netherlands,NLD,2000,0.74676675
Netherlands,NLD,2001,0.84209
Netherlands,NLD,2002,0.7519667
Netherlands,NLD,2003,0.8960526
Netherlands,NLD,2004,0.6478277
Netherlands,NLD,2005,0.6938939
Netherlands,NLD,2006,0.59417975
Netherlands,NLD,2007,0.5676476
Netherlands,NLD,2008,0.5652788
Netherlands,NLD,2009,0.5986828
Netherlands,NLD,2010,0.64350396
Netherlands,NLD,2011,0.59296745
Netherlands,NLD,2012,0.59019446
Netherlands,NLD,2013,0.6580198
Netherlands,NLD,2014,0.3508324
Netherlands,NLD,2015,0.4888555
Netherlands,NLD,2016,0.3708089
Netherlands,NLD,2017,0.49610457
Netherlands,NLD,2018,0.41362947
Netherlands,NLD,2019,0.4806042
Netherlands,NLD,2020,0.50155985
Netherlands,NLD,2021,0.4202064
New Zealand,NZL,1995,0.6047952
New Zealand,NZL,1996,0.8589907
New Zealand,NZL,1997,1.2439144
New Zealand,NZL,1998,1.110681
New Zealand,NZL,1999,0.54316455
New Zealand,NZL,2000,1.0597905
New Zealand,NZL,2001,1.0683285
New Zealand,NZL,2002,1.3206617
New Zealand,NZL,2003,0.69042474
New Zealand,NZL,2004,0.5738229
New Zealand,NZL,2005,1.2683619
New Zealand,NZL,2006,0.81258684
New Zealand,NZL,2007,0.88125545
New Zealand,NZL,2008,1.0568386
New Zealand,NZL,2009,1.1372858
New Zealand,NZL,2010,1.0142683
New Zealand,NZL,2011,0.6699524
New Zealand,NZL,2012,0.931713
New Zealand,NZL,2013,0.52786607
New Zealand,NZL,2014,0.59406406
New Zealand,NZL,2015,0.684033
New Zealand,NZL,2016,0.92606354
New Zealand,NZL,2017,0.5388131
New Zealand,NZL,2018,1.0183532
New Zealand,NZL,2019,1.3161552
Nicaragua,NIC,2008,2.0100882
Nicaragua,NIC,2009,3.2271154
Nicaragua,NIC,2010,2.625684
Nicaragua,NIC,2011,1.8314441
Nicaragua,NIC,2012,2.0950997
Nicaragua,NIC,2013,2.0938916
Nicaragua,NIC,2015,2.0657375
Nicaragua,NIC,2016,1.4811231
Nicaragua,NIC,2017,1.7645986
Nicaragua,NIC,2018,1.8900924
Nicaragua,NIC,2019,1.5682368
Nicaragua,NIC,2021,3.107994
North Macedonia,MKD,1998,0.9648629
North Macedonia,MKD,1999,0.8586969
North Macedonia,MKD,2000,1.1418409
North Macedonia,MKD,2002,0.8437826
North Macedonia,MKD,2003,1.6409366
North Macedonia,MKD,2004,1.1815035
North Macedonia,MKD,2005,0.89624584
North Macedonia,MKD,2006,0.8653239
North Macedonia,MKD,2007,1.0560732
North Macedonia,MKD,2008,0.8627218
North Macedonia,MKD,2009,1.1480606
North Macedonia,MKD,2010,1.4319283
North Macedonia,MKD,2011,0.3811573
North Macedonia,MKD,2012,1.0467881
North Macedonia,MKD,2013,0.6651362
North Macedonia,MKD,2014,0.94858974
North Macedonia,MKD,2015,0.18944156
North Macedonia,MKD,2016,0.5676126
North Macedonia,MKD,2017,0.37802342
North Macedonia,MKD,2018,0.84981906
North Macedonia,MKD,2019,0.37752268
Norway,NOR,1990,0.53675866
Norway,NOR,1991,0.703214
Norway,NOR,1992,0.5872626
Norway,NOR,1993,0.7887361
Norway,NOR,1994,0.70839876
Norway,NOR,1995,0.719994
Norway,NOR,1996,0.9087213
Norway,NOR,1997,0.5411319
Norway,NOR,1998,0.5525169
Norway,NOR,1999,0.5394707
Norway,NOR,2000,0.9588555
Norway,NOR,2001,0.64005595
Norway,NOR,2002,0.6697896
Norway,NOR,2003,1.0613807
Norway,NOR,2004,0.5182393
Norway,NOR,2005,0.68517154
Norway,NOR,2006,0.8947545
Norway,NOR,2007,0.7183187
Norway,NOR,2008,0.41822165
Norway,NOR,2009,0.4962615
Norway,NOR,2010,0.6133187
Norway,NOR,2011,2.102305
Norway,NOR,2012,0.35979304
Norway,NOR,2013,0.7909038
Norway,NOR,2014,0.5088966
Norway,NOR,2015,0.543024
Norway,NOR,2016,0.42320022
Norway,NOR,2017,0.49648222
Norway,NOR,2018,0.3415066
Norway,NOR,2019,0.6032626
Norway,NOR,2020,0.5624886
Norway,NOR,2021,0.59758097
Oceania (UN),,2000,2.3096845
Oceania (UN),,2001,2.0116916
Oceania (UN),,2002,2.0987945
Oceania (UN),,2003,2.0476577
Oceania (UN),,2004,2.0441668
Oceania (UN),,2005,2.192618
Oceania (UN),,2006,2.008517
Oceania (UN),,2007,1.9251956
Oceania (UN),,2008,2.2111437
Oceania (UN),,2009,1.8478427
Oceania (UN),,2010,2.2863963
Oceania (UN),,2011,2.0592778
Oceania (UN),,2012,2.0569024
Oceania (UN),,2013,2.1080558
Oceania (UN),,2014,2.2450845
Oceania (UN),,2015,2.0740466
Oceania (UN),,2016,2.164603
Oceania (UN),,2017,1.8314923
Oceania (UN),,2018,2.127973
Oceania (UN),,2019,1.7623055
Oceania (UN),,2020,1.9774618
Oceania (UN),,2021,1.6986253
Oman,OMN,2014,0.42316282
Oman,OMN,2015,0.2707505
Oman,OMN,2016,0.32642743
Oman,OMN,2017,0.25301427
Oman,OMN,2018,0.12271527
Oman,OMN,2019,0.35755426
Oman,OMN,2020,0.23220524
Oman,OMN,2021,0.17058025
Palestine,PSE,2010,0.4797419
Palestine,PSE,2011,0.1527207
Palestine,PSE,2012,0.19056948
Palestine,PSE,2015,0.31081212
Palestine,PSE,2017,0.21181647
Palestine,PSE,2018,0.12438647
Palestine,PSE,2019,0.28421065
Palestine,PSE,2020,0.55626625
Palestine,PSE,2021,0.34979066
Panama,PAN,1996,1.6206688
Panama,PAN,1997,2.1405396
Panama,PAN,1998,2.8196936
Panama,PAN,1999,1.2763929
Panama,PAN,2000,1.9395137
Panama,PAN,2001,1.7608535
Panama,PAN,2002,2.5267534
Panama,PAN,2003,2.2710943
Panama,PAN,2004,1.6719643
Panama,PAN,2005,2.161634
Panama,PAN,2006,1.1324195
Panama,PAN,2007,1.2283535
Panama,PAN,2008,1.7797874
Panama,PAN,2009,2.2545092
Panama,PAN,2010,1.715742
Panama,PAN,2011,1.4132259
Panama,PAN,2012,1.820743
Panama,PAN,2013,2.622017
Panama,PAN,2014,1.9709841
Panama,PAN,2015,2.5073543
Panama,PAN,2016,2.188991
Panama,PAN,2017,1.906945
Panama,PAN,2018,1.6826588
Panama,PAN,2019,2.4597564
Panama,PAN,2020,2.1439965
Panama,PAN,2021,1.9772443
Paraguay,PRY,2007,1.6589203
Paraguay,PRY,2008,2.1062744
Paraguay,PRY,2009,2.4376698
Paraguay,PRY,2010,2.5486875
Paraguay,PRY,2011,2.1361477
Paraguay,PRY,2012,2.4808064
Paraguay,PRY,2013,1.742514
Paraguay,PRY,2014,2.2793627
Paraguay,PRY,2015,1.8559213
Paraguay,PRY,2016,1.7650177
Paraguay,PRY,2017,1.8031846
Paraguay,PRY,2018,1.9653095
Paraguay,PRY,2019,1.6617471
Paraguay,PRY,2020,2.094266
Paraguay,PRY,2021,1.9170094
Peru,PER,2011,1.8678387
Peru,PER,2012,2.0955472
Peru,PER,2013,2.0404203
Peru,PER,2014,2.233506
Peru,PER,2015,2.5812783
Peru,PER,2016,3.1837628
Peru,PER,2017,3.2058878
Peru,PER,2018,3.2693014
Peru,PER,2019,2.8568532
Peru,PER,2020,2.1362278
Philippines,PHL,2007,2.1523619
Philippines,PHL,2008,2.6543665
Philippines,PHL,2009,3.4254477
Philippines,PHL,2010,2.5914369
Philippines,PHL,2011,2.1391177
Philippines,PHL,2012,2.2428901
Philippines,PHL,2016,1.8173572
Philippines,PHL,2017,1.2999613
Philippines,PHL,2018,0.9196809
Philippines,PHL,2019,0.7963999
Poland,POL,1990,1.1131489
Poland,POL,1991,1.3691217
Poland,POL,1992,1.1048458
Poland,POL,1993,1.2584438
Poland,POL,1994,1.2602183
Poland,POL,1995,1.2037425
Poland,POL,1996,1.33182
Poland,POL,1999,0.92982584
Poland,POL,2000,1.1545023
Poland,POL,2001,1.0995216
Poland,POL,2002,1.0277907
Poland,POL,2003,1.0325372
Poland,POL,2004,0.7746408
Poland,POL,2005,0.7262429
Poland,POL,2006,0.70579714
Poland,POL,2007,0.5826511
Poland,POL,2008,0.44585168
Poland,POL,2009,0.56425494
Poland,POL,2010,0.59404206
Poland,POL,2011,0.6614188
Poland,POL,2012,0.55583936
Poland,POL,2013,0.42978227
Poland,POL,2014,0.4632424
Poland,POL,2015,0.5630126
Poland,POL,2016,0.35706055
Poland,POL,2017,0.47267848
Poland,POL,2018,0.41747618
Poland,POL,2019,0.4026624
Poland,POL,2020,0.44863033
Poland,POL,2021,0.39932507
Polynesia (UN),,2000,1.1642623
Polynesia (UN),,2001,1.4394984
Polynesia (UN),,2002,1.434306
Polynesia (UN),,2003,1.0897717
Polynesia (UN),,2004,1.1062653
Polynesia (UN),,2005,1.1331434
Polynesia (UN),,2006,1.0928442
Polynesia (UN),,2007,1.5667077
Polynesia (UN),,2008,2.162183
Polynesia (UN),,2009,1.770539
Polynesia (UN),,2010,0.92389196
Polynesia (UN),,2011,0.75731796
Polynesia (UN),,2012,0.91000116
Polynesia (UN),,2013,1.1634179
Polynesia (UN),,2014,1.5091273
Polynesia (UN),,2015,1.7531213
Polynesia (UN),,2016,1.9610083
Polynesia (UN),,2017,2.3504088
Polynesia (UN),,2018,2.4289992
Polynesia (UN),,2019,0.6052223
Polynesia (UN),,2020,1.1691043
Polynesia (UN),,2021,1.1443927
Portugal,PRT,1994,0.77335554
Portugal,PRT,1995,0.6686454
Portugal,PRT,1996,0.5105446
Portugal,PRT,1997,0.5384109
Portugal,PRT,1998,0.59695446
Portugal,PRT,1999,0.62733096
Portugal,PRT,2000,0.6727226
Portugal,PRT,2001,0.46715805
Portugal,PRT,2002,0.69008964
Portugal,PRT,2003,0.61358947
Portugal,PRT,2004,0.7209964
Portugal,PRT,2005,0.6016186
Portugal,PRT,2006,0.7718636
Portugal,PRT,2007,0.9407375
Portugal,PRT,2008,0.6543006
Portugal,PRT,2009,0.6860663
Portugal,PRT,2010,0.75391024
Portugal,PRT,2011,0.7092925
Portugal,PRT,2012,0.7507948
Portugal,PRT,2013,0.94734496
Portugal,PRT,2014,0.8804094
Portugal,PRT,2015,0.58223516
Portugal,PRT,2016,0.33633682
Portugal,PRT,2017,0.44102514
Portugal,PRT,2018,0.5037042
Portugal,PRT,2019,0.6039721
Portugal,PRT,2020,0.6192016
Puerto Rico,PRI,1990,4.110992
Puerto Rico,PRI,1991,5.8962455
Puerto Rico,PRI,1992,4.0829673
Puerto Rico,PRI,1993,5.283585
Puerto Rico,PRI,1994,4.42845
Puerto Rico,PRI,1995,4.0764976
Puerto Rico,PRI,1996,3.9697945
Puerto Rico,PRI,1997,3.0105207
Puerto Rico,PRI,1998,3.018467
Puerto Rico,PRI,1999,2.848851
Puerto Rico,PRI,2000,3.7288895
Puerto Rico,PRI,2001,3.471148
Puerto Rico,PRI,2002,3.1692452
Puerto Rico,PRI,2003,2.9708478
Puerto Rico,PRI,2004,3.4303076
Puerto Rico,PRI,2005,3.337949
Puerto Rico,PRI,2006,2.2831814
Puerto Rico,PRI,2007,2.5464265
Puerto Rico,PRI,2008,3.27315
Puerto Rico,PRI,2009,2.8767393
Puerto Rico,PRI,2010,3.3042643
Puerto Rico,PRI,2011,4.2608604
Puerto Rico,PRI,2012,4.3493752
Puerto Rico,PRI,2013,2.8081717
Puerto Rico,PRI,2014,2.7953584
Puerto Rico,PRI,2015,2.0226204
Puerto Rico,PRI,2016,3.115212
Puerto Rico,PRI,2017,2.0960875
Puerto Rico,PRI,2018,2.8684387
Puerto Rico,PRI,2019,2.3670266
Puerto Rico,PRI,2020,2.842685
Qatar,QAT,2001,0.45038044
Qatar,QAT,2004,0.3917927
Qatar,QAT,2005,1.4851531
Qatar,QAT,2006,0.34787026
Qatar,QAT,2007,0.96608245
Qatar,QAT,2008,0.2937897
Qatar,QAT,2009,0.53091097
Qatar,QAT,2010,0
Qatar,QAT,2011,0
Qatar,QAT,2012,0.20388898
Qatar,QAT,2013,0.18932205
Qatar,QAT,2014,0.3554715
Qatar,QAT,2015,0.16739441
Qatar,QAT,2016,0.7816946
Qatar,QAT,2017,0.14701244
Qatar,QAT,2018,0
Qatar,QAT,2019,0
Qatar,QAT,2020,0.26490295
Qatar,QAT,2021,0.5445433
Reunion,REU,2004,2.4306617
Reunion,REU,2005,1.7077801
Reunion,REU,2006,1.8651637
Reunion,REU,2007,1.8000078
Reunion,REU,2008,0.9967064
Reunion,REU,2009,1.2784477
Romania,ROU,1990,1.6625242
Romania,ROU,1991,1.579418
Romania,ROU,1992,1.8313385
Romania,ROU,1993,1.7216665
Romania,ROU,1994,1.9171424
Romania,ROU,1995,1.8112217
Romania,ROU,1996,1.9083339
Romania,ROU,1997,1.931462
Romania,ROU,1998,1.4482296
Romania,ROU,1999,1.4341441
Romania,ROU,2000,1.2387654
Romania,ROU,2001,1.5735767
Romania,ROU,2002,2.1736977
Romania,ROU,2003,2.1462886
Romania,ROU,2004,1.4017441
Romania,ROU,2005,1.4337286
Romania,ROU,2006,1.0201192
Romania,ROU,2007,1.1499832
Romania,ROU,2008,0.9510559
Romania,ROU,2009,0.8338496
Romania,ROU,2010,0.85814935
Romania,ROU,2011,0.6616023
Romania,ROU,2012,0.79910284
Romania,ROU,2013,0.56034523
Romania,ROU,2014,1.0373707
Romania,ROU,2015,0.9252609
Romania,ROU,2016,0.89129347
Romania,ROU,2017,0.87608594
Romania,ROU,2018,0.81081635
Romania,ROU,2019,0.7048321
Romania,ROU,2020,0.956538
Romania,ROU,2021,0.76124996
Russia,RUS,1990,6.4929476
Russia,RUS,1991,6.73412
Russia,RUS,1992,9.848151
Russia,RUS,1993,13.427606
Russia,RUS,1994,14.286032
Russia,RUS,1995,13.6419
Russia,RUS,1996,12.223211
Russia,RUS,1997,11.029043
Russia,RUS,1998,10.709764
Russia,RUS,1999,12.575627
Russia,RUS,2000,13.207825
Russia,RUS,2001,13.788551
Russia,RUS,2002,13.783891
Russia,RUS,2003,13.296957
Russia,RUS,2004,12.472261
Russia,RUS,2005,11.47319
Russia,RUS,2006,9.371936
Russia,RUS,2007,8.054885
Russia,RUS,2008,5.8403535
Russia,RUS,2009,6.0016246
Russia,RUS,2010,5.659173
Russia,RUS,2011,5.2660604
Russia,RUS,2012,5.495289
Russia,RUS,2013,5.2040133
Russia,RUS,2014,5.41448
Russia,RUS,2015,5.5207596
Russia,RUS,2016,5.3400774
Russia,RUS,2017,4.469868
Russia,RUS,2018,4.0667777
Russia,RUS,2019,3.7427042
Russia,RUS,2020,3.5434818
Russia,RUS,2021,3.30459
Saint Kitts and Nevis,KNA,1997,13.608528
Saint Kitts and Nevis,KNA,1999,0
Saint Kitts and Nevis,KNA,2001,8.646779
Saint Kitts and Nevis,KNA,2002,0
Saint Kitts and Nevis,KNA,2003,0
Saint Kitts and Nevis,KNA,2004,0
Saint Kitts and Nevis,KNA,2009,12.497657
Saint Kitts and Nevis,KNA,2010,8.301167
Saint Kitts and Nevis,KNA,2011,4.132231
Saint Kitts and Nevis,KNA,2016,8.1726055
Saint Kitts and Nevis,KNA,2017,12.237406
Saint Kitts and Nevis,KNA,2018,16.296598
Saint Kitts and Nevis,KNA,2019,8.142659
Saint Kitts and Nevis,KNA,2020,0
Saint Kitts and Nevis,KNA,2021,4.066446
Saint Lucia,LCA,1990,6.921565
Saint Lucia,LCA,1991,4.0989766
Saint Lucia,LCA,1992,4.040513
Saint Lucia,LCA,1993,0
Saint Lucia,LCA,1994,3.9320025
Saint Lucia,LCA,1995,3.8873448
Saint Lucia,LCA,1996,1.282594
Saint Lucia,LCA,1997,6.3541284
Saint Lucia,LCA,1998,2.5200026
Saint Lucia,LCA,1999,2.4985008
Saint Lucia,LCA,2000,3.0548112
Saint Lucia,LCA,2002,8.113115
Saint Lucia,LCA,2003,2.5735362
Saint Lucia,LCA,2004,4.7033906
Saint Lucia,LCA,2009,7.1577497
Saint Lucia,LCA,2010,6.4173617
Saint Lucia,LCA,2011,8.47949
Saint Lucia,LCA,2012,7.284787
Saint Lucia,LCA,2013,5.728394
Saint Lucia,LCA,2014,0
Saint Lucia,LCA,2015,5.6675205
Saint Lucia,LCA,2016,2.2552238
Saint Lucia,LCA,2017,4.487726
Saint Lucia,LCA,2018,4.4656315
Saint Lucia,LCA,2019,0
Saint Lucia,LCA,2020,5.5303006
Saint Lucia,LCA,2021,8.819168
Saint Pierre and Miquelon,SPM,2006,0
Saint Vincent and the Grenadines,VCT,2004,11.275433
Saint Vincent and the Grenadines,VCT,2005,12.774422
Saint Vincent and the Grenadines,VCT,2006,11.298924
Saint Vincent and the Grenadines,VCT,2007,16.417429
Saint Vincent and the Grenadines,VCT,2008,5.568807
Saint Vincent and the Grenadines,VCT,2009,6.4341664
Saint Vincent and the Grenadines,VCT,2010,5.6241913
Saint Vincent and the Grenadines,VCT,2016,7.7363453
Saint Vincent and the Grenadines,VCT,2017,9.704498
Saint Vincent and the Grenadines,VCT,2018,13.612188
Saint Vincent and the Grenadines,VCT,2019,0
Saint Vincent and the Grenadines,VCT,2020,9.765911
Saint Vincent and the Grenadines,VCT,2021,0
Samoa,WSM,2017,0.98511976
Samoa,WSM,2018,0.9746351
San Marino,SMR,1995,0
San Marino,SMR,1996,0
San Marino,SMR,1997,0
San Marino,SMR,1998,0
San Marino,SMR,1999,0
San Marino,SMR,2000,0
San Marino,SMR,2001,0
San Marino,SMR,2002,7.0015755
San Marino,SMR,2003,0
San Marino,SMR,2004,0
San Marino,SMR,2005,0
San Marino,SMR,2006,0
San Marino,SMR,2007,0
San Marino,SMR,2008,0
San Marino,SMR,2009,0
San Marino,SMR,2010,0
San Marino,SMR,2011,0
Sao Tome and Principe,STP,2006,0
Sao Tome and Principe,STP,2007,0
Sao Tome and Principe,STP,2008,0
Sao Tome and Principe,STP,2009,0
Sao Tome and Principe,STP,2010,0
Sao Tome and Principe,STP,2011,0
Serbia,SRB,2000,1.4574838
Serbia,SRB,2001,1.8498298
Serbia,SRB,2002,1.3707887
Serbia,SRB,2003,1.6460983
Serbia,SRB,2004,1.2548009
Serbia,SRB,2005,1.1092916
Serbia,SRB,2006,1.2625202
Serbia,SRB,2007,1.367253
Serbia,SRB,2008,0.9485042
Serbia,SRB,2009,0.9523232
Serbia,SRB,2010,1.081904
Serbia,SRB,2011,1.0103025
Serbia,SRB,2012,0.9884904
Serbia,SRB,2013,1.1946782
Serbia,SRB,2014,0.9430017
Serbia,SRB,2015,0.7668857
Serbia,SRB,2016,0.9745746
Serbia,SRB,2017,0.6435295
Serbia,SRB,2018,0.7237394
Serbia,SRB,2019,0.72687775
Serbia,SRB,2020,0.574307
Serbia,SRB,2021,0.71059024
Seychelles,SYC,2004,4.353154
Seychelles,SYC,2006,6.0203185
Seychelles,SYC,2007,3.3671982
Seychelles,SYC,2008,2.7451475
Seychelles,SYC,2009,6.3274693
Seychelles,SYC,2010,2.8721418
Seychelles,SYC,2011,11.159501
Seychelles,SYC,2012,0.96996856
Seychelles,SYC,2013,14.123476
Seychelles,SYC,2014,5.2544765
Singapore,SGP,2006,0.22644897
Singapore,SGP,2007,0.21940954
Singapore,SGP,2008,0.46829286
Singapore,SGP,2009,0.28952527
Singapore,SGP,2010,0.1209674
Singapore,SGP,2011,0.23705839
Singapore,SGP,2012,0.23289846
Singapore,SGP,2013,0.22898823
Singapore,SGP,2014,0.2629563
Singapore,SGP,2015,0.11118365
Singapore,SGP,2016,0.25669253
Singapore,SGP,2017,0.18170354
Singapore,SGP,2018,0.25222108
Singapore,SGP,2019,0.25001496
Singapore,SGP,2020,0.17731395
Singapore,SGP,2021,0.070582464
Slovakia,SVK,2000,1.2299
Slovakia,SVK,2001,1.1935425
Slovakia,SVK,2002,1.7727433
Slovakia,SVK,2003,1.700723
Slovakia,SVK,2004,1.3027328
Slovakia,SVK,2005,1.1579335
Slovakia,SVK,2006,0.5427725
Slovakia,SVK,2007,1.0131357
Slovakia,SVK,2008,0.868029
Slovakia,SVK,2009,1.1561623
Slovakia,SVK,2010,1.1188912
Slovakia,SVK,2011,1.1180089
Slovakia,SVK,2012,0.6486463
Slovakia,SVK,2013,0.8282507
Slovakia,SVK,2014,0.68376523
Slovakia,SVK,2015,0.50356627
Slovakia,SVK,2016,0.71882766
Slovakia,SVK,2017,0.6821389
Slovakia,SVK,2018,0.9325546
Slovakia,SVK,2019,0.5374684
Slovakia,SVK,2020,1.002862
Slovakia,SVK,2021,0.645685
Slovenia,SVN,2004,0.68579715
Slovenia,SVN,2005,0.9773461
Slovenia,SVN,2006,0.2924129
Slovenia,SVN,2007,0.7772948
Slovenia,SVN,2008,0.4840264
Slovenia,SVN,2009,0.67503357
Slovenia,SVN,2010,0.76850957
Slovenia,SVN,2011,0.6705498
Slovenia,SVN,2012,0.5739674
Slovenia,SVN,2013,0.28670123
Slovenia,SVN,2014,0.57297206
Slovenia,SVN,2015,1.0489928
Slovenia,SVN,2016,0.1903385
Slovenia,SVN,2017,0.8550971
Slovenia,SVN,2018,0.47446096
Slovenia,SVN,2019,0.66361433
Slovenia,SVN,2020,0.5689123
Slovenia,SVN,2021,0.569132
South Africa,ZAF,2006,10.571735
South Africa,ZAF,2007,10.294813
South Africa,ZAF,2008,9.683831
South Africa,ZAF,2009,9.770241
South Africa,ZAF,2010,10.209067
South Africa,ZAF,2011,8.8333025
South Africa,ZAF,2016,9.098711
South Africa,ZAF,2017,10.042521
South Africa,ZAF,2018,9.387719
South Africa,ZAF,2019,9.019681
South Korea,KOR,2011,0.88064826
South Korea,KOR,2012,0.8811478
South Korea,KOR,2013,0.7262949
South Korea,KOR,2014,0.76399654
South Korea,KOR,2015,0.77780193
South Korea,KOR,2016,0.7535466
South Korea,KOR,2017,0.594643
South Korea,KOR,2018,0.59623086
South Korea,KOR,2019,0.59437966
South Korea,KOR,2020,0.53193253
South Korea,KOR,2021,0.49334788
Spain,ESP,2001,0.63408595
Spain,ESP,2002,0.6346404
Spain,ESP,2003,0.79621977
Spain,ESP,2004,0.85942554
Spain,ESP,2005,0.58306634
Spain,ESP,2006,0.7089233
Spain,ESP,2007,0.7300944
Spain,ESP,2008,0.54691666
Spain,ESP,2009,0.58153105
Spain,ESP,2010,0.66212225
Spain,ESP,2011,0.5409687
Spain,ESP,2012,0.52731496
Spain,ESP,2013,0.5113501
Spain,ESP,2014,0.5419307
Spain,ESP,2015,0.512278
Spain,ESP,2016,0.4776617
Spain,ESP,2017,0.47619608
Spain,ESP,2018,0.4905902
Spain,ESP,2019,0.5243787
Spain,ESP,2020,0.49273178
Spain,ESP,2021,0.40057462
Sri Lanka,LKA,2008,3.3675842
Sri Lanka,LKA,2009,1.9353446
Sri Lanka,LKA,2010,1.583594
Sri Lanka,LKA,2011,1.7243725
Sri Lanka,LKA,2012,1.579732
Sri Lanka,LKA,2013,1.3402112
Sri Lanka,LKA,2014,1.140616
Sri Lanka,LKA,2015,1.007462
Sri Lanka,LKA,2016,1.174153
Sri Lanka,LKA,2017,0.78226095
Sri Lanka,LKA,2018,0.92237914
Sri Lanka,LKA,2019,2.221468
Suriname,SUR,2007,5.5680547
Suriname,SUR,2008,3.7691116
Suriname,SUR,2013,1.0663065
Suriname,SUR,2014,2.1096637
Suriname,SUR,2015,3.82632
Suriname,SUR,2016,5.504041
Suriname,SUR,2017,3.7411911
Suriname,SUR,2018,2.353938
Suriname,SUR,2019,1.9942565
Suriname,SUR,2020,4.599068
Suriname,SUR,2021,2.2757013
Sweden,SWE,1999,0.6418434
Sweden,SWE,2000,0.8232583
Sweden,SWE,2001,0.6525448
Sweden,SWE,2002,0.8048391
Sweden,SWE,2003,0.5958464
Sweden,SWE,2004,0.89518845
Sweden,SWE,2005,0.67126435
Sweden,SWE,2006,0.77851427
Sweden,SWE,2007,0.6906783
Sweden,SWE,2008,0.5971785
Sweden,SWE,2009,0.8234147
Sweden,SWE,2010,0.5733154
Sweden,SWE,2011,0.5265579
Sweden,SWE,2012,0.43866497
Sweden,SWE,2013,0.5384696
Sweden,SWE,2014,0.513082
Sweden,SWE,2015,0.5896733
Sweden,SWE,2016,0.5841698
Sweden,SWE,2017,0.5388178
Sweden,SWE,2018,0.6525231
Sweden,SWE,2019,0.4897586
Sweden,SWE,2020,0.4854442
Sweden,SWE,2021,0.46201977
Switzerland,CHE,1990,1.4884739
Switzerland,CHE,1991,1.24307
Switzerland,CHE,1992,1.204734
Switzerland,CHE,1993,1.2265528
Switzerland,CHE,1994,1.1424105
Switzerland,CHE,1995,1.1053294
Switzerland,CHE,1996,0.86427087
Switzerland,CHE,1997,1.0797223
Switzerland,CHE,1998,0.814689
Switzerland,CHE,1999,1.0294636
Switzerland,CHE,2000,1.0548034
Switzerland,CHE,2001,0.993686
Switzerland,CHE,2002,1.3256674
Switzerland,CHE,2003,1.0526161
Switzerland,CHE,2004,1.0194204
Switzerland,CHE,2005,0.98933446
Switzerland,CHE,2006,0.988393
Switzerland,CHE,2007,0.6785888
Switzerland,CHE,2008,0.6466527
Switzerland,CHE,2009,0.6872849
Switzerland,CHE,2010,0.65489256
Switzerland,CHE,2011,0.5733363
Switzerland,CHE,2012,0.41968092
Switzerland,CHE,2013,0.7817555
Switzerland,CHE,2014,0.57970095
Switzerland,CHE,2015,0.7169746
Switzerland,CHE,2016,0.5916406
Switzerland,CHE,2017,0.46929303
Switzerland,CHE,2018,0.65229756
Switzerland,CHE,2019,0.60152143
Switzerland,CHE,2020,0.6203177
Switzerland,CHE,2021,0.57111305
Tajikistan,TJK,2006,1.1239339
Tajikistan,TJK,2007,0.9119182
Tajikistan,TJK,2008,1.0323879
Tajikistan,TJK,2009,0.6472955
Tajikistan,TJK,2010,0.60260135
Tajikistan,TJK,2011,0.43670315
Tajikistan,TJK,2020,0.21089405
Tanzania,TZA,2010,2.3981376
Tanzania,TZA,2011,2.3597085
Tanzania,TZA,2012,2.1437988
Tanzania,TZA,2013,1.9725648
Tanzania,TZA,2015,2.5147774
Tanzania,TZA,2016,2.3125513
Tanzania,TZA,2017,1.8804295
Tanzania,TZA,2018,1.8496411
Tanzania,TZA,2019,1.606776
Tanzania,TZA,2020,1.7003392
Thailand,THA,1995,2.3784015
Thailand,THA,1996,2.43328
Thailand,THA,1997,2.4690154
Thailand,THA,1998,2.5930886
Thailand,THA,1999,2.5719645
Thailand,THA,2000,2.8185403
Thailand,THA,2002,2.1398838
Thailand,THA,2003,2.8956566
Thailand,THA,2004,1.5181452
Thailand,THA,2005,1.8586735
Thailand,THA,2006,1.722086
Thailand,THA,2007,1.7544311
Thailand,THA,2008,1.5364733
Thailand,THA,2009,1.4245758
Thailand,THA,2010,1.315238
Thailand,THA,2011,1.2718523
Thailand,THA,2012,1.3462015
Thailand,THA,2013,1.0650305
Thailand,THA,2014,1.1294553
Tonga,TON,2000,0
Tonga,TON,2001,1.9691823
Tonga,TON,2002,1.9572344
Tonga,TON,2003,0
Tonga,TON,2004,0
Tonga,TON,2005,0
Tonga,TON,2006,0
Tonga,TON,2007,0
Tonga,TON,2008,1.8916823
Tonga,TON,2009,5.6504626
Tonga,TON,2010,0
Tonga,TON,2011,0
Tonga,TON,2012,1.866368
Tonga,TON,2019,1.8883423
Trinidad and Tobago,TTO,2004,3.7790477
Trinidad and Tobago,TTO,2005,5.633518
Trinidad and Tobago,TTO,2006,4.8818417
Trinidad and Tobago,TTO,2007,4.2820287
Trinidad and Tobago,TTO,2008,8.087269
Trinidad and Tobago,TTO,2009,5.6390724
Trinidad and Tobago,TTO,2010,7.4048147
Trinidad and Tobago,TTO,2011,4.1702113
Trinidad and Tobago,TTO,2012,6.2087293
Trinidad and Tobago,TTO,2013,5.34109
Trinidad and Tobago,TTO,2014,6.118886
Trinidad and Tobago,TTO,2015,3.9158683
Trinidad and Tobago,TTO,2017,6.9281373
Trinidad and Tobago,TTO,2018,6.174429
Trinidad and Tobago,TTO,2019,8.332704
Trinidad and Tobago,TTO,2020,7.022358
Tunisia,TUN,2019,1.6922449
Tunisia,TUN,2020,1.8702549
Turkey,TUR,2003,1.7687216
Turkey,TUR,2004,1.7961066
Turkey,TUR,2005,1.7787846
Turkey,TUR,2006,1.5905294
Turkey,TUR,2007,1.7539707
Turkey,TUR,2008,1.6059842
Turkey,TUR,2010,1.7400773
Turkey,TUR,2011,1.7033342
Turkey,TUR,2012,1.6167397
Turkey,TUR,2015,1.0384737
Turkey,TUR,2016,1.0925328
Turkey,TUR,2017,1.0365261
Turkey,TUR,2018,0.9667673
Turkey,TUR,2019,1.0813478
Turkey,TUR,2020,0.90817094
Turkey,TUR,2021,1.0263548
Turkmenistan,TKM,2010,1.1249284
Turkmenistan,TKM,2011,0.663546
Turkmenistan,TKM,2012,1.0503602
Turkmenistan,TKM,2013,0.9605309
Turkmenistan,TKM,2014,0.62894475
Turkmenistan,TKM,2015,0.44624537
Turks and Caicos Islands,TCA,1992,0
Turks and Caicos Islands,TCA,1993,0
Turks and Caicos Islands,TCA,1994,14.312294
Turks and Caicos Islands,TCA,1995,13.630478
Turks and Caicos Islands,TCA,1996,0
Turks and Caicos Islands,TCA,1997,24.878716
Turks and Caicos Islands,TCA,2002,0
Turks and Caicos Islands,TCA,2007,7.760059
Turks and Caicos Islands,TCA,2008,7.427765
Turks and Caicos Islands,TCA,2009,0
Turks and Caicos Islands,TCA,2013,6.0331826
Turks and Caicos Islands,TCA,2014,0
Uganda,UGA,2008,2.4818442
Uganda,UGA,2010,3.6529992
Uganda,UGA,2011,4.3964806
Uganda,UGA,2012,4.2617764
Uganda,UGA,2013,4.4223657
Uganda,UGA,2014,4.5677094
Uganda,UGA,2016,4.6439166
Uganda,UGA,2017,4.1076207
Ukraine,UKR,1990,2.8060856
Ukraine,UKR,1991,2.7678301
Ukraine,UKR,1992,3.238668
Ukraine,UKR,1993,3.607029
Ukraine,UKR,1994,4.073271
Ukraine,UKR,1995,4.167092
Ukraine,UKR,1996,4.934258
Ukraine,UKR,1997,4.4093094
Ukraine,UKR,1998,4.471462
Ukraine,UKR,1999,4.7170763
Ukraine,UKR,2000,4.986759
Ukraine,UKR,2001,5.711779
Ukraine,UKR,2002,5.1000156
Ukraine,UKR,2003,4.944549
Ukraine,UKR,2004,4.36465
Ukraine,UKR,2005,3.7961783
Ukraine,UKR,2006,3.6198628
Ukraine,UKR,2008,2.975944
Ukraine,UKR,2009,2.8516285
Ukraine,UKR,2010,2.4505413
Ukraine,UKR,2017,1.9232283
United Arab Emirates,ARE,2010,0.7779861
United Arab Emirates,ARE,2011,0.62906927
United Arab Emirates,ARE,2012,0.7009525
United Arab Emirates,ARE,2013,0.73867124
United Arab Emirates,ARE,2014,0.64628726
United Arab Emirates,ARE,2015,0.38063163
United Arab Emirates,ARE,2019,0.7587133
United Arab Emirates,ARE,2020,0.49788037
United Arab Emirates,ARE,2021,0.35049504
United Kingdom,GBR,2005,0.9766926
United Kingdom,GBR,2006,1.0471637
United Kingdom,GBR,2007,1.0808296
United Kingdom,GBR,2008,0.9326343
United Kingdom,GBR,2009,0.7099888
United Kingdom,GBR,2010,0.8848255
United Kingdom,GBR,2011,0.6034259
United Kingdom,GBR,2012,0.7298715
United Kingdom,GBR,2013,0.6897826
United Kingdom,GBR,2014,0.6304787
United Kingdom,GBR,2015,0.59616756
United Kingdom,GBR,2016,0.6097416
United Kingdom,GBR,2017,0.74670607
United Kingdom,GBR,2018,0.77567273
United Kingdom,GBR,2019,0.6004745
United Kingdom,GBR,2020,0.57164586
United States,USA,1990,4.0719156
United States,USA,1991,4.2349014
United States,USA,1992,4.0180225
United States,USA,1993,4.2220263
United States,USA,1994,3.754143
United States,USA,1995,3.7221084
United States,USA,1996,3.2865655
United States,USA,1997,2.9962423
United States,USA,1998,2.9535434
United States,USA,1999,2.6703663
United States,USA,2000,2.58731
United States,USA,2001,3.0781124
United States,USA,2002,2.5697193
United States,USA,2003,2.5006468
United States,USA,2004,2.3810325
United States,USA,2005,2.363193
United States,USA,2006,2.4026768
United States,USA,2007,2.3945882
United States,USA,2008,2.3113804
United States,USA,2009,2.2549665
United States,USA,2010,2.0967643
United States,USA,2011,2.0489032
United States,USA,2012,2.0570815
United States,USA,2013,1.9598825
United States,USA,2014,1.9541136
United States,USA,2015,2.031329
United States,USA,2016,2.2483604
United States,USA,2017,2.2185776
United States,USA,2018,2.2042923
United States,USA,2019,2.127312
United States,USA,2020,2.567049
United States,USA,2021,2.9247866
United States Virgin Islands,VIR,1997,10.918818
United States Virgin Islands,VIR,1998,3.5957966
United States Virgin Islands,VIR,1999,7.1142097
United States Virgin Islands,VIR,2000,5.308278
United States Virgin Islands,VIR,2001,3.5423307
United States Virgin Islands,VIR,2002,8.883835
United States Virgin Islands,VIR,2003,5.355565
United States Virgin Islands,VIR,2004,1.7955416
United States Virgin Islands,VIR,2005,5.402777
United States Virgin Islands,VIR,2006,7.2039623
United States Virgin Islands,VIR,2007,5.4041395
United States Virgin Islands,VIR,2008,3.6030192
United States Virgin Islands,VIR,2009,3.601073
United States Virgin Islands,VIR,2010,12.634353
United States Virgin Islands,VIR,2011,5.4464746
United States Virgin Islands,VIR,2012,3.6528013
Uruguay,URY,2006,2.4992015
Uruguay,URY,2007,1.8563385
Uruguay,URY,2008,2.5469632
Uruguay,URY,2009,2.598935
Uruguay,URY,2010,2.3622954
Uruguay,URY,2011,2.356426
Uruguay,URY,2012,2.1783407
Uruguay,URY,2013,3.0871396
Uruguay,URY,2014,2.9075062
Uruguay,URY,2015,2.842223
Uruguay,URY,2016,2.3808875
Uruguay,URY,2017,3.111657
Uruguay,URY,2018,3.2217534
Uruguay,URY,2019,2.7129962
Uruguay,URY,2020,2.1482022
Uruguay,URY,2021,2.2640212
Uzbekistan,UZB,2015,1.3962132
Uzbekistan,UZB,2016,1.641249
Uzbekistan,UZB,2017,1.2840631
Uzbekistan,UZB,2018,1.0852661
Uzbekistan,UZB,2019,0.8372958
Uzbekistan,UZB,2020,0.9609005
Uzbekistan,UZB,2021,1.0511137
Vanuatu,VUT,2019,0.661133
Vanuatu,VUT,2020,0.64556736
Venezuela,VEN,1990,1.8985691
Venezuela,VEN,1992,2.2459507
Venezuela,VEN,1993,2.9182992
Venezuela,VEN,1994,3.0481567
Venezuela,VEN,1996,3.1644843
Venezuela,VEN,1997,3.0820746
Venezuela,VEN,1998,3.1971014
Venezuela,VEN,1999,3.529911
Venezuela,VEN,2000,4.268153
Venezuela,VEN,2001,3.8957338
Venezuela,VEN,2002,6.682478
Venezuela,VEN,2003,5.3582516
Venezuela,VEN,2004,4.56704
Venezuela,VEN,2005,4.174766
Venezuela,VEN,2006,4.9415264
Venezuela,VEN,2007,4.880612
Venezuela,VEN,2008,5.2559185
Venezuela,VEN,2009,5.3671746
Venezuela,VEN,2010,5.4827247
Venezuela,VEN,2011,5.515718
Venezuela,VEN,2012,6.362091
Venezuela,VEN,2015,4.764969
Venezuela,VEN,2016,5.2143054
Venezuela,VEN,2017,5.123649
World,OWID_WRL,2000,2.8092506
World,OWID_WRL,2001,2.8350885
World,OWID_WRL,2002,2.7798088
World,OWID_WRL,2003,2.6989343
World,OWID_WRL,2004,2.664592
World,OWID_WRL,2005,2.5498512
World,OWID_WRL,2006,2.4606955
World,OWID_WRL,2007,2.417165
World,OWID_WRL,2008,2.354989
World,OWID_WRL,2009,2.4413645
World,OWID_WRL,2010,2.4010565
World,OWID_WRL,2011,2.4254985
World,OWID_WRL,2012,2.4241853
World,OWID_WRL,2013,2.3871794
World,OWID_WRL,2014,2.3814702
World,OWID_WRL,2015,2.288106
World,OWID_WRL,2016,2.3106852
World,OWID_WRL,2017,2.271987
World,OWID_WRL,2018,2.2228055
World,OWID_WRL,2019,2.1775744
World,OWID_WRL,2020,2.1469603
World,OWID_WRL,2021,2.2382565
Zimbabwe,ZWE,1990,3.487142
Zimbabwe,ZWE,2018,2.0461497
Zimbabwe,ZWE,2019,2.0559874
Zimbabwe,ZWE,2020,1.7623386
Zimbabwe,ZWE,2021,1.8698593