Entity,Code,Year,Number of homicides - Female - All ages
Afghanistan,AFG,2018,261
Afghanistan,AFG,2019,238
Africa (UN),,2000,20164.14
Africa (UN),,2001,20604.875
Africa (UN),,2002,21083.121
Africa (UN),,2003,21027.006
Africa (UN),,2004,21151.871
Africa (UN),,2005,21426.4
Africa (UN),,2006,21797.47
Africa (UN),,2007,22139.473
Africa (UN),,2008,22318.623
Africa (UN),,2009,23481.502
Africa (UN),,2010,24272.055
Africa (UN),,2011,24543.008
Africa (UN),,2012,25118.176
Africa (UN),,2013,25888.795
Africa (UN),,2014,26689.244
Africa (UN),,2015,27507.357
Africa (UN),,2016,28065.564
Africa (UN),,2017,28647.93
Africa (UN),,2018,28970.387
Africa (UN),,2019,29402.89
Africa (UN),,2020,29985.701
Africa (UN),,2021,31969.564
Albania,ALB,1992,14
Albania,ALB,1993,16
Albania,ALB,1994,12
Albania,ALB,1995,26
Albania,ALB,1996,28
Albania,ALB,1997,177
Albania,ALB,1998,87
Albania,ALB,1999,65
Albania,ALB,2000,13
Albania,ALB,2001,39
Albania,ALB,2002,39
Albania,ALB,2003,21
Albania,ALB,2004,19
Albania,ALB,2005,21
Albania,ALB,2006,23
Albania,ALB,2007,24
Albania,ALB,2008,19
Albania,ALB,2009,7
Albania,ALB,2010,11
Albania,ALB,2011,18
Albania,ALB,2012,26
Albania,ALB,2013,20
Albania,ALB,2014,12
Albania,ALB,2015,16
Albania,ALB,2016,17
Albania,ALB,2017,13
Albania,ALB,2018,15
Albania,ALB,2019,13
Albania,ALB,2020,9
Albania,ALB,2021,12
Algeria,DZA,2012,52
Algeria,DZA,2013,39
Algeria,DZA,2014,85.48148
Algeria,DZA,2015,71
Algeria,DZA,2016,75
Algeria,DZA,2017,56
Algeria,DZA,2018,86
Algeria,DZA,2019,86
Algeria,DZA,2020,122
Algeria,DZA,2021,160
American Samoa,ASM,2016,0
American Samoa,ASM,2017,1
American Samoa,ASM,2018,1
American Samoa,ASM,2019,0
Americas (UN),,2000,13942.262
Americas (UN),,2001,15183.292
Americas (UN),,2002,15096.69
Americas (UN),,2003,14827.773
Americas (UN),,2004,14225.155
Americas (UN),,2005,14209.024
Americas (UN),,2006,14200.447
Americas (UN),,2007,13861.127
Americas (UN),,2008,14470.925
Americas (UN),,2009,15733.983
Americas (UN),,2010,16129.927
Americas (UN),,2011,16765.28
Americas (UN),,2012,16962.31
Americas (UN),,2013,16570.734
Americas (UN),,2014,16424.604
Americas (UN),,2015,16280.861
Americas (UN),,2016,17312.182
Americas (UN),,2017,18307.867
Americas (UN),,2018,17906.668
Americas (UN),,2019,16926.832
Americas (UN),,2020,17037.598
Americas (UN),,2021,17501.5
Andorra,AND,2007,0
Andorra,AND,2008,1
Andorra,AND,2009,0
Andorra,AND,2010,0
Andorra,AND,2011,0
Andorra,AND,2012,0
Andorra,AND,2013,0
Andorra,AND,2014,0
Andorra,AND,2015,0
Anguilla,AIA,1991,0
Anguilla,AIA,1993,1
Anguilla,AIA,2000,0
Anguilla,AIA,2008,0
Anguilla,AIA,2009,0
Anguilla,AIA,2013,0
Antigua and Barbuda,ATG,1990,1
Antigua and Barbuda,ATG,1991,2
Antigua and Barbuda,ATG,1992,1
Antigua and Barbuda,ATG,1993,0
Antigua and Barbuda,ATG,1994,1
Antigua and Barbuda,ATG,1995,2
Antigua and Barbuda,ATG,1996,1
Antigua and Barbuda,ATG,1997,0
Antigua and Barbuda,ATG,2001,0.7777778
Antigua and Barbuda,ATG,2002,1.25
Antigua and Barbuda,ATG,2008,5
Antigua and Barbuda,ATG,2015,1
Antigua and Barbuda,ATG,2016,2
Antigua and Barbuda,ATG,2017,2
Antigua and Barbuda,ATG,2018,3
Antigua and Barbuda,ATG,2019,1
Antigua and Barbuda,ATG,2020,1
Antigua and Barbuda,ATG,2021,5
Argentina,ARG,2015,387
Argentina,ARG,2017,408
Argentina,ARG,2018,396
Argentina,ARG,2019,408
Argentina,ARG,2020,371
Argentina,ARG,2021,308
Armenia,ARM,1990,22.798029
Armenia,ARM,1991,29.76
Armenia,ARM,1993,53.97222
Armenia,ARM,1994,24.558659
Armenia,ARM,1995,19.09756
Armenia,ARM,1996,23
Armenia,ARM,1997,21.649485
Armenia,ARM,1998,15.5
Armenia,ARM,1999,19.285715
Armenia,ARM,2000,25.852272
Armenia,ARM,2001,18.373627
Armenia,ARM,2002,19.581081
Armenia,ARM,2003,10.857142
Armenia,ARM,2004,22
Armenia,ARM,2005,11
Armenia,ARM,2006,26
Armenia,ARM,2007,13
Armenia,ARM,2008,26.358696
Armenia,ARM,2009,25
Armenia,ARM,2010,10
Armenia,ARM,2011,19
Armenia,ARM,2012,19
Armenia,ARM,2013,19
Armenia,ARM,2014,20
Armenia,ARM,2015,21
Armenia,ARM,2016,14
Armenia,ARM,2017,11
Armenia,ARM,2018,11
Armenia,ARM,2019,10
Armenia,ARM,2020,16
Armenia,ARM,2021,14
Aruba,ABW,1990,0
Aruba,ABW,1995,0
Aruba,ABW,1999,1
Aruba,ABW,2001,2
Aruba,ABW,2002,1
Aruba,ABW,2003,1
Aruba,ABW,2004,0
Aruba,ABW,2005,1
Aruba,ABW,2006,1
Aruba,ABW,2007,0
Aruba,ABW,2008,1
Aruba,ABW,2009,1
Aruba,ABW,2010,0
Aruba,ABW,2011,0
Aruba,ABW,2012,1
Aruba,ABW,2013,1
Aruba,ABW,2014,0
Asia (UN),,2000,36235.824
Asia (UN),,2001,36035.66
Asia (UN),,2002,35124.37
Asia (UN),,2003,34644.594
Asia (UN),,2004,36060.574
Asia (UN),,2005,34346.402
Asia (UN),,2006,33907.33
Asia (UN),,2007,34678.414
Asia (UN),,2008,34728.637
Asia (UN),,2009,36368.215
Asia (UN),,2010,35109.168
Asia (UN),,2011,36576.457
Asia (UN),,2012,36752
Asia (UN),,2013,36258.695
Asia (UN),,2014,36319.45
Asia (UN),,2015,33085.824
Asia (UN),,2016,33539.66
Asia (UN),,2017,32378.223
Asia (UN),,2018,32003.658
Asia (UN),,2019,32270.74
Asia (UN),,2020,31346.672
Asia (UN),,2021,33596.715
Australia,AUS,1990,138
Australia,AUS,1991,143
Australia,AUS,1992,117
Australia,AUS,1993,118.4908
Australia,AUS,1994,114.9226
Australia,AUS,1995,139.7718
Australia,AUS,1996,112.88545
Australia,AUS,1997,121.71609
Australia,AUS,1998,106.42712
Australia,AUS,1999,123.564186
Australia,AUS,2000,136.04575
Australia,AUS,2001,116.042206
Australia,AUS,2002,121.149826
Australia,AUS,2003,96.35798
Australia,AUS,2004,92.53704
Australia,AUS,2005,94.36434
Australia,AUS,2006,92.871284
Australia,AUS,2007,85.338646
Australia,AUS,2008,101
Australia,AUS,2009,76.1583
Australia,AUS,2010,94
Australia,AUS,2011,90
Australia,AUS,2012,83
Australia,AUS,2013,94
Australia,AUS,2014,94
Australia,AUS,2015,85
Australia,AUS,2016,80
Australia,AUS,2017,63
Australia,AUS,2018,84
Australia,AUS,2019,68
Australia,AUS,2020,74
Australia,AUS,2021,49
Austria,AUT,1990,39.872
Austria,AUT,1991,46.81818
Austria,AUT,1992,42.74576
Austria,AUT,1993,34.71698
Austria,AUT,1994,52.425533
Austria,AUT,1995,38.07143
Austria,AUT,1996,50.53125
Austria,AUT,1997,37.304348
Austria,AUT,1998,33.846153
Austria,AUT,1999,31.764706
Austria,AUT,2000,53.573334
Austria,AUT,2001,41.81818
Austria,AUT,2002,37.68116
Austria,AUT,2003,23.404255
Austria,AUT,2004,31.918034
Austria,AUT,2005,24.179104
Austria,AUT,2006,29.134329
Austria,AUT,2007,24.23077
Austria,AUT,2008,29
Austria,AUT,2009,28.137932
Austria,AUT,2010,33
Austria,AUT,2011,35
Austria,AUT,2012,38
Austria,AUT,2013,29
Austria,AUT,2014,22
Austria,AUT,2015,17
Austria,AUT,2016,31
Austria,AUT,2017,37
Austria,AUT,2018,44
Austria,AUT,2019,40
Austria,AUT,2020,37
Austria,AUT,2021,40
Azerbaijan,AZE,2010,62
Azerbaijan,AZE,2011,75
Azerbaijan,AZE,2012,58
Azerbaijan,AZE,2013,70
Azerbaijan,AZE,2014,87
Azerbaijan,AZE,2015,72
Azerbaijan,AZE,2016,71
Azerbaijan,AZE,2017,76
Azerbaijan,AZE,2018,65
Azerbaijan,AZE,2019,60
Azerbaijan,AZE,2020,79
Azerbaijan,AZE,2021,69
Bahamas,BHS,1993,6
Bahamas,BHS,1994,5.571429
Bahamas,BHS,1995,6.6666665
Bahamas,BHS,1996,7.4634147
Bahamas,BHS,1997,6.8510637
Bahamas,BHS,2000,16.444445
Bahamas,BHS,2001,5.16
Bahamas,BHS,2002,12.235294
Bahamas,BHS,2003,6
Bahamas,BHS,2004,2
Bahamas,BHS,2005,8
Bahamas,BHS,2006,5
Bahamas,BHS,2007,8
Bahamas,BHS,2008,7
Bahamas,BHS,2009,10
Bahamas,BHS,2010,13
Bahamas,BHS,2011,16
Bahamas,BHS,2012,10
Bahamas,BHS,2013,15
Bahamas,BHS,2014,11
Bahamas,BHS,2015,16
Bahamas,BHS,2016,7
Bahamas,BHS,2017,6
Bahamas,BHS,2018,3
Bahamas,BHS,2019,6
Bahamas,BHS,2020,11
Bahamas,BHS,2021,6
Bahrain,BHR,2010,1
Bahrain,BHR,2011,1
Bahrain,BHR,2012,1
Bahrain,BHR,2013,1
Bahrain,BHR,2014,0
Bahrain,BHR,2015,0
Bahrain,BHR,2016,1
Bahrain,BHR,2017,1
Bahrain,BHR,2018,0
Bahrain,BHR,2019,1
Bahrain,BHR,2020,0
Bahrain,BHR,2021,1
Barbados,BRB,1990,11
Barbados,BRB,1991,9
Barbados,BRB,1992,4
Barbados,BRB,1993,5
Barbados,BRB,1994,6
Barbados,BRB,1995,5
Barbados,BRB,2000,5
Barbados,BRB,2001,4.464286
Barbados,BRB,2002,7.5
Barbados,BRB,2003,11
Barbados,BRB,2004,0.88
Barbados,BRB,2005,9.157895
Barbados,BRB,2006,1.5217391
Barbados,BRB,2007,6
Barbados,BRB,2008,4
Barbados,BRB,2009,3
Barbados,BRB,2010,8
Barbados,BRB,2011,2
Barbados,BRB,2012,2
Barbados,BRB,2013,7
Barbados,BRB,2014,3
Barbados,BRB,2015,3
Barbados,BRB,2016,2
Barbados,BRB,2017,2
Barbados,BRB,2018,4
Barbados,BRB,2019,5
Barbados,BRB,2020,3
Barbados,BRB,2021,6
Belarus,BLR,2007,221.5283
Belarus,BLR,2008,183
Belarus,BLR,2009,198
Belarus,BLR,2010,136
Belarus,BLR,2011,117
Belarus,BLR,2012,126
Belarus,BLR,2013,103
Belarus,BLR,2014,116
Belarus,BLR,2015,116
Belarus,BLR,2016,106
Belarus,BLR,2017,94
Belarus,BLR,2018,84
Belarus,BLR,2019,87
Belgium,BEL,2000,83.32948
Belgium,BEL,2001,102.8125
Belgium,BEL,2002,132.11111
Belgium,BEL,2003,94.236115
Belgium,BEL,2004,126.47191
Belgium,BEL,2005,92.19632
Belgium,BEL,2006,87.79452
Belgium,BEL,2007,87.35669
Belgium,BEL,2008,71.36719
Belgium,BEL,2009,76.16418
Belgium,BEL,2010,69.46154
Belgium,BEL,2011,92.34247
Belgium,BEL,2012,77.26923
Belgium,BEL,2013,98.77273
Belgium,BEL,2014,81.052635
Belgium,BEL,2015,105
Belgium,BEL,2016,67
Belgium,BEL,2017,92
Belgium,BEL,2018,73
Belgium,BEL,2019,55
Belgium,BEL,2021,11
Belize,BLZ,2004,14
Belize,BLZ,2009,9
Belize,BLZ,2010,16.125
Belize,BLZ,2011,12
Belize,BLZ,2012,14
Belize,BLZ,2013,10
Belize,BLZ,2014,12
Belize,BLZ,2015,9
Belize,BLZ,2016,15
Belize,BLZ,2017,11
Belize,BLZ,2018,19
Belize,BLZ,2019,17
Belize,BLZ,2020,11
Belize,BLZ,2021,11
Bermuda,BMU,1990,0
Bermuda,BMU,1991,0
Bermuda,BMU,1992,1
Bermuda,BMU,1996,1
Bermuda,BMU,2004,1
Bermuda,BMU,2005,0
Bermuda,BMU,2009,1
Bermuda,BMU,2010,0
Bermuda,BMU,2011,2
Bermuda,BMU,2012,0
Bermuda,BMU,2013,0
Bermuda,BMU,2014,1
Bermuda,BMU,2015,0
Bermuda,BMU,2016,0
Bermuda,BMU,2017,0
Bermuda,BMU,2019,0
Bhutan,BTN,2015,2
Bhutan,BTN,2016,4
Bhutan,BTN,2017,4
Bhutan,BTN,2018,2
Bhutan,BTN,2019,2
Bhutan,BTN,2020,5
Bolivia,BOL,2008,137.23756
Bolivia,BOL,2015,193
Bolivia,BOL,2016,218
Bolivia,BOL,2017,243
Bolivia,BOL,2018,217
Bolivia,BOL,2019,196
Bolivia,BOL,2020,153
Bolivia,BOL,2021,175
Bosnia and Herzegovina,BIH,1990,16
Bosnia and Herzegovina,BIH,2000,20
Bosnia and Herzegovina,BIH,2001,29
Bosnia and Herzegovina,BIH,2002,25
Bosnia and Herzegovina,BIH,2009,15
Bosnia and Herzegovina,BIH,2010,10
Bosnia and Herzegovina,BIH,2011,16
Bosnia and Herzegovina,BIH,2012,24
Bosnia and Herzegovina,BIH,2013,14
Bosnia and Herzegovina,BIH,2014,11
Bosnia and Herzegovina,BIH,2015,18
Bosnia and Herzegovina,BIH,2016,15
Bosnia and Herzegovina,BIH,2017,10
Bosnia and Herzegovina,BIH,2018,8
Bosnia and Herzegovina,BIH,2019,10
Bosnia and Herzegovina,BIH,2020,5
Bosnia and Herzegovina,BIH,2021,7
Botswana,BWA,2020,114
Botswana,BWA,2021,100
Brazil,BRA,1990,2370.5425
Brazil,BRA,1991,2500.762
Brazil,BRA,1992,2196.3054
Brazil,BRA,1993,2404.473
Brazil,BRA,1994,2602.553
Brazil,BRA,1995,3049.1504
Brazil,BRA,1996,3682
Brazil,BRA,1997,3587
Brazil,BRA,1998,3503
Brazil,BRA,1999,3536
Brazil,BRA,2000,3743
Brazil,BRA,2001,3851
Brazil,BRA,2002,3870
Brazil,BRA,2003,3938
Brazil,BRA,2004,3834
Brazil,BRA,2005,3886
Brazil,BRA,2006,4022
Brazil,BRA,2007,3776
Brazil,BRA,2008,4027
Brazil,BRA,2009,4265
Brazil,BRA,2010,4466
Brazil,BRA,2011,4516
Brazil,BRA,2012,4723
Brazil,BRA,2013,4767
Brazil,BRA,2014,4834
Brazil,BRA,2015,4619
Brazil,BRA,2016,4644
Brazil,BRA,2017,4931
Brazil,BRA,2018,4515
Brazil,BRA,2019,3731
Brazil,BRA,2020,3826
British Virgin Islands,VGB,1990,1
British Virgin Islands,VGB,1992,0
British Virgin Islands,VGB,1993,0
British Virgin Islands,VGB,1994,0
British Virgin Islands,VGB,1995,0
British Virgin Islands,VGB,1996,0
British Virgin Islands,VGB,1999,1
British Virgin Islands,VGB,2001,0
British Virgin Islands,VGB,2002,0
British Virgin Islands,VGB,2003,1
British Virgin Islands,VGB,2004,1
British Virgin Islands,VGB,2006,1
Brunei,BRN,1996,3
Brunei,BRN,1997,2
Brunei,BRN,1998,0
Brunei,BRN,1999,2
Brunei,BRN,2000,2
Bulgaria,BGR,1990,52.863014
Bulgaria,BGR,1991,92.966576
Bulgaria,BGR,1992,100.63367
Bulgaria,BGR,1993,91.43541
Bulgaria,BGR,1994,98.85981
Bulgaria,BGR,1995,78.19598
Bulgaria,BGR,1996,83.03317
Bulgaria,BGR,1997,94.40431
Bulgaria,BGR,1998,99.757095
Bulgaria,BGR,1999,87.93277
Bulgaria,BGR,2000,97.31035
Bulgaria,BGR,2001,61.85246
Bulgaria,BGR,2002,56.666668
Bulgaria,BGR,2003,51.88128
Bulgaria,BGR,2004,57.153152
Bulgaria,BGR,2005,52
Bulgaria,BGR,2006,54
Bulgaria,BGR,2007,38
Bulgaria,BGR,2008,36
Bulgaria,BGR,2009,35
Bulgaria,BGR,2010,27
Bulgaria,BGR,2011,30
Bulgaria,BGR,2012,37
Bulgaria,BGR,2013,34
Bulgaria,BGR,2014,26
Bulgaria,BGR,2015,29
Bulgaria,BGR,2016,22
Bulgaria,BGR,2017,35
Bulgaria,BGR,2018,38
Bulgaria,BGR,2019,23
Bulgaria,BGR,2020,26
Bulgaria,BGR,2021,28
Burundi,BDI,2013,97
Burundi,BDI,2014,102
Burundi,BDI,2015,78
Burundi,BDI,2016,123
Cameroon,CMR,2015,192
Cameroon,CMR,2016,117
Cameroon,CMR,2017,202
Cameroon,CMR,2020,301
Canada,CAN,1990,235.9982
Canada,CAN,1991,276.38586
Canada,CAN,1992,238.1943
Canada,CAN,1993,199.93916
Canada,CAN,1994,204.6506
Canada,CAN,1995,190.86504
Canada,CAN,1996,207.19765
Canada,CAN,1997,198.5058
Canada,CAN,1998,185.53534
Canada,CAN,1999,166.83333
Canada,CAN,2000,149
Canada,CAN,2001,162.29295
Canada,CAN,2002,207
Canada,CAN,2003,156.43013
Canada,CAN,2004,200
Canada,CAN,2005,180
Canada,CAN,2006,162
Canada,CAN,2007,166
Canada,CAN,2008,147
Canada,CAN,2009,162
Canada,CAN,2010,155
Canada,CAN,2011,180
Canada,CAN,2012,157
Canada,CAN,2013,151
Canada,CAN,2014,154
Canada,CAN,2015,179
Canada,CAN,2016,155
Canada,CAN,2017,173
Canada,CAN,2018,168
Canada,CAN,2019,155
Canada,CAN,2020,178
Canada,CAN,2021,197
Cape Verde,CPV,2011,7.27451
Cape Verde,CPV,2012,10.181818
Cape Verde,CPV,2013,7
Cape Verde,CPV,2014,15
Cape Verde,CPV,2015,7
Cape Verde,CPV,2017,7
Cape Verde,CPV,2018,8
Cape Verde,CPV,2019,5
Cape Verde,CPV,2020,9
Cayman Islands,CYM,1990,0
Cayman Islands,CYM,1991,0
Cayman Islands,CYM,1992,0
Cayman Islands,CYM,1993,0
Cayman Islands,CYM,1994,0
Cayman Islands,CYM,1995,0
Cayman Islands,CYM,1996,0
Cayman Islands,CYM,1997,0
Cayman Islands,CYM,1998,0
Cayman Islands,CYM,2000,1
Cayman Islands,CYM,2001,1
Cayman Islands,CYM,2003,1
Cayman Islands,CYM,2004,1
Cayman Islands,CYM,2005,0
Cayman Islands,CYM,2006,1
Cayman Islands,CYM,2007,1
Cayman Islands,CYM,2008,0
Cayman Islands,CYM,2009,1
Cayman Islands,CYM,2010,0
Cayman Islands,CYM,2013,0
Cayman Islands,CYM,2014,0
Chile,CHL,2005,83
Chile,CHL,2006,91
Chile,CHL,2007,111
Chile,CHL,2008,103
Chile,CHL,2009,99.35065
Chile,CHL,2010,96
Chile,CHL,2011,115
Chile,CHL,2012,37
Chile,CHL,2013,108
Chile,CHL,2014,63
Chile,CHL,2015,49
Chile,CHL,2016,90
Chile,CHL,2017,106
Chile,CHL,2018,94
Chile,CHL,2019,95
Chile,CHL,2020,111
Chile,CHL,2021,66
Colombia,COL,1990,1835.405
Colombia,COL,1991,2020.691
Colombia,COL,1992,2127.6084
Colombia,COL,1993,2114.619
Colombia,COL,1994,2000.042
Colombia,COL,1995,1654.818
Colombia,COL,1996,1744.9777
Colombia,COL,1997,1740.5876
Colombia,COL,1998,1726.3416
Colombia,COL,1999,1796.5336
Colombia,COL,2000,1924.0659
Colombia,COL,2001,2214.3455
Colombia,COL,2002,2242.0203
Colombia,COL,2003,2000.1533
Colombia,COL,2004,1629
Colombia,COL,2005,1492
Colombia,COL,2006,1323
Colombia,COL,2007,1385
Colombia,COL,2008,1262
Colombia,COL,2009,1260
Colombia,COL,2010,1226
Colombia,COL,2011,1348
Colombia,COL,2012,1387
Colombia,COL,2013,1223
Colombia,COL,2014,1173
Colombia,COL,2015,1068
Colombia,COL,2016,1037
Colombia,COL,2017,1089
Colombia,COL,2018,1094
Colombia,COL,2019,1099
Colombia,COL,2020,975
Colombia,COL,2021,1069
Costa Rica,CRI,1990,27.8
Costa Rica,CRI,1991,24.75
Costa Rica,CRI,1992,24.691359
Costa Rica,CRI,1993,19.27711
Costa Rica,CRI,1994,24.72826
Costa Rica,CRI,1995,26.726257
Costa Rica,CRI,1996,18.415384
Costa Rica,CRI,1997,19.463415
Costa Rica,CRI,1998,27.214952
Costa Rica,CRI,1999,32.182205
Costa Rica,CRI,2000,40.294605
Costa Rica,CRI,2001,28.438524
Costa Rica,CRI,2002,33.88983
Costa Rica,CRI,2003,37.762238
Costa Rica,CRI,2004,38.76923
Costa Rica,CRI,2005,61.212624
Costa Rica,CRI,2006,45
Costa Rica,CRI,2007,37
Costa Rica,CRI,2008,60
Costa Rica,CRI,2009,59
Costa Rica,CRI,2010,61
Costa Rica,CRI,2011,64
Costa Rica,CRI,2012,50
Costa Rica,CRI,2013,36
Costa Rica,CRI,2014,51
Costa Rica,CRI,2015,42
Costa Rica,CRI,2016,66
Costa Rica,CRI,2017,58
Costa Rica,CRI,2018,65
Costa Rica,CRI,2019,48
Costa Rica,CRI,2020,62
Costa Rica,CRI,2021,56
Croatia,HRV,1990,43.316177
Croatia,HRV,1991,124.174866
Croatia,HRV,1992,94.77551
Croatia,HRV,1993,55.45614
Croatia,HRV,1994,30.772152
Croatia,HRV,1995,45.177216
Croatia,HRV,1996,38.526318
Croatia,HRV,1997,31.403225
Croatia,HRV,1998,34.52055
Croatia,HRV,1999,28.617188
Croatia,HRV,2000,32.17699
Croatia,HRV,2001,27.931034
Croatia,HRV,2002,31.597015
Croatia,HRV,2003,22.041666
Croatia,HRV,2004,37
Croatia,HRV,2005,27
Croatia,HRV,2006,32
Croatia,HRV,2007,24
Croatia,HRV,2008,24
Croatia,HRV,2009,24
Croatia,HRV,2010,32
Croatia,HRV,2011,21
Croatia,HRV,2012,18
Croatia,HRV,2013,21
Croatia,HRV,2014,17
Croatia,HRV,2015,15
Croatia,HRV,2016,20
Croatia,HRV,2017,18
Croatia,HRV,2018,8
Croatia,HRV,2019,14
Croatia,HRV,2020,19
Croatia,HRV,2021,14
Cuba,CUB,1992,176
Cuba,CUB,1993,183
Cuba,CUB,1994,211
Cuba,CUB,1995,209
Cuba,CUB,1996,166
Cuba,CUB,1997,163
Cuba,CUB,1998,187
Cuba,CUB,1999,159
Cuba,CUB,2000,155
Cuba,CUB,2001,159
Cuba,CUB,2002,185
Cuba,CUB,2003,153
Cuba,CUB,2004,146
Cuba,CUB,2005,168
Cuba,CUB,2006,133
Cuba,CUB,2007,139
Cuba,CUB,2008,120
Cuba,CUB,2009,153
Cuba,CUB,2010,126
Cuba,CUB,2011,132
Cuba,CUB,2012,138
Cuba,CUB,2013,147
Cuba,CUB,2014,156
Cuba,CUB,2015,139
Cuba,CUB,2016,121
Cuba,CUB,2017,130
Cuba,CUB,2018,108
Cuba,CUB,2019,105
Curacao,CUW,2001,2
Curacao,CUW,2002,6
Curacao,CUW,2003,2
Curacao,CUW,2004,7
Curacao,CUW,2005,6
Curacao,CUW,2006,3
Curacao,CUW,2007,3
Cyprus,CYP,2004,4
Cyprus,CYP,2005,2
Cyprus,CYP,2006,4
Cyprus,CYP,2007,3
Cyprus,CYP,2008,2
Cyprus,CYP,2009,7
Cyprus,CYP,2010,1
Cyprus,CYP,2011,6
Cyprus,CYP,2012,5
Cyprus,CYP,2013,3
Cyprus,CYP,2014,5
Cyprus,CYP,2015,3
Cyprus,CYP,2016,5
Cyprus,CYP,2017,0
Cyprus,CYP,2018,6
Cyprus,CYP,2019,10
Cyprus,CYP,2020,5
Cyprus,CYP,2021,7
Czechia,CZE,1994,82.8
Czechia,CZE,1995,58.032433
Czechia,CZE,1996,55.36
Czechia,CZE,1997,63.44643
Czechia,CZE,1998,48.67857
Czechia,CZE,1999,61.509933
Czechia,CZE,2000,49
Czechia,CZE,2001,47
Czechia,CZE,2002,58
Czechia,CZE,2003,58
Czechia,CZE,2004,49.883213
Czechia,CZE,2005,45
Czechia,CZE,2006,54
Czechia,CZE,2007,55
Czechia,CZE,2008,44
Czechia,CZE,2009,38
Czechia,CZE,2010,53
Czechia,CZE,2011,44
Czechia,CZE,2012,48
Czechia,CZE,2013,51
Czechia,CZE,2014,45
Czechia,CZE,2015,49
Czechia,CZE,2016,36
Czechia,CZE,2017,30
Czechia,CZE,2019,39
Czechia,CZE,2020,39
Czechia,CZE,2021,27
Denmark,DNK,1990,25
Denmark,DNK,1991,43
Denmark,DNK,1992,32
Denmark,DNK,1993,26
Denmark,DNK,1994,25
Denmark,DNK,1995,19
Denmark,DNK,1996,25.961174
Denmark,DNK,1997,42
Denmark,DNK,1998,21.137255
Denmark,DNK,1999,28.549019
Denmark,DNK,2000,32
Denmark,DNK,2001,19.102041
Denmark,DNK,2002,15
Denmark,DNK,2003,28
Denmark,DNK,2004,17
Denmark,DNK,2005,18
Denmark,DNK,2006,11
Denmark,DNK,2007,17
Denmark,DNK,2008,17.181818
Denmark,DNK,2009,14
Denmark,DNK,2010,22
Denmark,DNK,2011,15
Denmark,DNK,2012,16
Denmark,DNK,2013,13
Denmark,DNK,2014,31
Denmark,DNK,2015,23.377048
Denmark,DNK,2016,23
Denmark,DNK,2017,20
Denmark,DNK,2018,20
Denmark,DNK,2019,27
Denmark,DNK,2020,17
Denmark,DNK,2021,15
Dominica,DMA,2001,1
Dominica,DMA,2002,0
Dominica,DMA,2003,2.2857144
Dominica,DMA,2008,2
Dominica,DMA,2010,1.875
Dominica,DMA,2011,0
Dominica,DMA,2014,2
Dominica,DMA,2015,1
Dominica,DMA,2016,1
Dominica,DMA,2017,2
Dominica,DMA,2018,2
Dominica,DMA,2019,1
Dominica,DMA,2020,1
Dominica,DMA,2021,2
Dominican Republic,DOM,2005,214.45544
Dominican Republic,DOM,2006,180.10822
Dominican Republic,DOM,2007,174.57123
Dominican Republic,DOM,2008,187.33257
Dominican Republic,DOM,2009,180.04762
Dominican Republic,DOM,2010,210.1699
Dominican Republic,DOM,2011,233
Dominican Republic,DOM,2012,201
Dominican Republic,DOM,2014,187
Dominican Republic,DOM,2016,170
Dominican Republic,DOM,2017,191
Dominican Republic,DOM,2018,152
Dominican Republic,DOM,2019,145
Dominican Republic,DOM,2020,128
Dominican Republic,DOM,2021,142
Ecuador,ECU,1990,83.30943
Ecuador,ECU,1991,110.6803
Ecuador,ECU,1992,78.03599
Ecuador,ECU,1993,81.441826
Ecuador,ECU,1994,92.54375
Ecuador,ECU,2000,144.6641
Ecuador,ECU,2001,148.21515
Ecuador,ECU,2002,185.40855
Ecuador,ECU,2003,182.38344
Ecuador,ECU,2004,217.93
Ecuador,ECU,2005,165.66182
Ecuador,ECU,2006,222.45102
Ecuador,ECU,2007,229.47606
Ecuador,ECU,2008,213
Ecuador,ECU,2009,276.2155
Ecuador,ECU,2010,237
Ecuador,ECU,2011,249
Ecuador,ECU,2012,231
Ecuador,ECU,2013,253
Ecuador,ECU,2014,186
Ecuador,ECU,2015,172
Ecuador,ECU,2016,177
Ecuador,ECU,2017,196
Ecuador,ECU,2018,138
Ecuador,ECU,2019,149
Ecuador,ECU,2020,165
Ecuador,ECU,2021,227
Egypt,EGY,2004,52
Egypt,EGY,2005,63
Egypt,EGY,2006,144
Egypt,EGY,2007,163
Egypt,EGY,2008,110.418686
Egypt,EGY,2009,193
Egypt,EGY,2010,197
Egypt,EGY,2011,331
Egypt,EGY,2012,261.8652
Egypt,EGY,2020,165
Egypt,EGY,2021,296
El Salvador,SLV,2005,397.91092
El Salvador,SLV,2006,447.4233
El Salvador,SLV,2007,340
El Salvador,SLV,2008,317
El Salvador,SLV,2009,592
El Salvador,SLV,2010,562
El Salvador,SLV,2011,628
El Salvador,SLV,2012,322
El Salvador,SLV,2013,217
El Salvador,SLV,2014,294
El Salvador,SLV,2015,574.9502
El Salvador,SLV,2016,524
El Salvador,SLV,2017,469
El Salvador,SLV,2018,386
El Salvador,SLV,2019,230
El Salvador,SLV,2020,131
El Salvador,SLV,2021,133
Estonia,EST,1994,61.821175
Estonia,EST,1995,32.25
Estonia,EST,1996,47.474403
Estonia,EST,1997,39.05485
Estonia,EST,1998,40.679245
Estonia,EST,1999,40.806168
Estonia,EST,2000,25.589474
Estonia,EST,2001,29.782608
Estonia,EST,2002,32.150944
Estonia,EST,2003,39.72973
Estonia,EST,2004,15.862386
Estonia,EST,2005,28.479675
Estonia,EST,2006,24.818182
Estonia,EST,2007,19.2
Estonia,EST,2008,18.901098
Estonia,EST,2009,21.604939
Estonia,EST,2010,16.40625
Estonia,EST,2011,14
Estonia,EST,2012,17
Estonia,EST,2013,18
Estonia,EST,2014,9
Estonia,EST,2015,10.714286
Estonia,EST,2016,9
Estonia,EST,2017,8
Estonia,EST,2018,5
Estonia,EST,2019,6
Estonia,EST,2020,10
Estonia,EST,2021,4
Europe (UN),,2000,15199.821
Europe (UN),,2001,15692.481
Europe (UN),,2002,15603.284
Europe (UN),,2003,14960.917
Europe (UN),,2004,14005.66
Europe (UN),,2005,12777.781
Europe (UN),,2006,10983.565
Europe (UN),,2007,9787.2
Europe (UN),,2008,7806.496
Europe (UN),,2009,7769.0474
Europe (UN),,2010,7411.7393
Europe (UN),,2011,6972.8794
Europe (UN),,2012,7031.833
Europe (UN),,2013,6859.9053
Europe (UN),,2014,6946.032
Europe (UN),,2015,7085.304
Europe (UN),,2016,6847.6895
Europe (UN),,2017,6030.4893
Europe (UN),,2018,5494.4146
Europe (UN),,2019,5010.959
Europe (UN),,2020,4840.944
Europe (UN),,2021,4550.8843
Fiji,FJI,2005,9
Fiji,FJI,2006,12
Fiji,FJI,2007,18
Fiji,FJI,2008,10
Fiji,FJI,2009,8
Fiji,FJI,2010,6
Fiji,FJI,2011,9
Fiji,FJI,2012,7
Fiji,FJI,2013,8
Fiji,FJI,2014,12
Finland,FIN,1990,38
Finland,FIN,1991,38
Finland,FIN,1992,55.00578
Finland,FIN,1993,39.93976
Finland,FIN,1994,47.21818
Finland,FIN,1995,48.666668
Finland,FIN,1996,45.9
Finland,FIN,1997,36.21831
Finland,FIN,1998,31.64
Finland,FIN,1999,31.55862
Finland,FIN,2000,45.784172
Finland,FIN,2001,47.61039
Finland,FIN,2002,43.669174
Finland,FIN,2003,30.171717
Finland,FIN,2004,33
Finland,FIN,2005,35
Finland,FIN,2006,37
Finland,FIN,2007,48
Finland,FIN,2008,44
Finland,FIN,2009,34
Finland,FIN,2010,27
Finland,FIN,2011,37
Finland,FIN,2012,41
Finland,FIN,2013,23
Finland,FIN,2014,27
Finland,FIN,2015,16
Finland,FIN,2016,22
Finland,FIN,2017,30
Finland,FIN,2018,24
Finland,FIN,2019,28
France,FRA,2015,381.88678
France,FRA,2016,282
France,FRA,2017,257
France,FRA,2018,223
France,FRA,2019,261
France,FRA,2020,194
France,FRA,2021,228
French Guiana,GUF,2006,3.5
French Guiana,GUF,2007,1.75
French Guiana,GUF,2008,1.3913044
French Guiana,GUF,2009,5.4545455
Georgia,GEO,2004,34.027683
Georgia,GEO,2005,72
Georgia,GEO,2006,45
Georgia,GEO,2007,45
Georgia,GEO,2008,43
Georgia,GEO,2009,33.103447
Georgia,GEO,2010,28
Georgia,GEO,2014,33.48
Georgia,GEO,2016,34
Georgia,GEO,2017,21
Georgia,GEO,2018,22
Georgia,GEO,2019,19
Georgia,GEO,2020,24
Germany,DEU,1990,382
Germany,DEU,1991,455
Germany,DEU,1992,470
Germany,DEU,1993,557
Germany,DEU,1994,680
Germany,DEU,1995,693
Germany,DEU,1996,669
Germany,DEU,1997,651
Germany,DEU,1998,604
Germany,DEU,1999,516
Germany,DEU,2000,545
Germany,DEU,2001,492
Germany,DEU,2002,474
Germany,DEU,2003,487
Germany,DEU,2004,458
Germany,DEU,2005,448
Germany,DEU,2006,442
Germany,DEU,2007,390
Germany,DEU,2008,367
Germany,DEU,2009,386
Germany,DEU,2010,393
Germany,DEU,2011,338
Germany,DEU,2012,296
Germany,DEU,2013,328
Germany,DEU,2014,339
Germany,DEU,2015,327
Germany,DEU,2016,469
Germany,DEU,2017,380
Germany,DEU,2018,367
Germany,DEU,2019,276
Germany,DEU,2020,357
Germany,DEU,2021,337
Ghana,GHA,2020,75.51836
Ghana,GHA,2021,94.96063
Greece,GRC,1990,33.04673
Greece,GRC,1991,41.95946
Greece,GRC,1992,30.204725
Greece,GRC,1993,39.473682
Greece,GRC,1994,30.17647
Greece,GRC,1995,43.453236
Greece,GRC,1996,53.957832
Greece,GRC,1997,38.898205
Greece,GRC,1998,42.77778
Greece,GRC,1999,40.53846
Greece,GRC,2001,35.582607
Greece,GRC,2002,23.5
Greece,GRC,2003,33
Greece,GRC,2004,29.673267
Greece,GRC,2005,44.369747
Greece,GRC,2006,22
Greece,GRC,2007,35
Greece,GRC,2008,33
Greece,GRC,2009,25
Greece,GRC,2010,34
Greece,GRC,2011,32
Greece,GRC,2012,39
Greece,GRC,2013,50
Greece,GRC,2014,27
Greece,GRC,2015,30
Greece,GRC,2016,26
Greece,GRC,2017,23
Greece,GRC,2018,29
Greece,GRC,2019,19
Greece,GRC,2020,19
Greece,GRC,2021,33
Grenada,GRD,2005,3
Grenada,GRD,2006,3
Grenada,GRD,2007,2
Grenada,GRD,2008,2
Grenada,GRD,2009,3
Grenada,GRD,2010,2
Grenada,GRD,2011,1
Grenada,GRD,2012,5
Grenada,GRD,2013,2
Grenada,GRD,2014,3
Grenada,GRD,2015,2
Grenada,GRD,2016,5
Grenada,GRD,2017,2
Grenada,GRD,2018,1
Grenada,GRD,2019,1
Grenada,GRD,2020,3
Grenada,GRD,2021,1
Guadeloupe,GLP,2004,9.454545
Guadeloupe,GLP,2005,1.5333333
Guadeloupe,GLP,2006,6.5454545
Guadeloupe,GLP,2008,8
Guadeloupe,GLP,2009,5.4
Guatemala,GTM,2004,497
Guatemala,GTM,2005,518
Guatemala,GTM,2006,603
Guatemala,GTM,2007,590
Guatemala,GTM,2008,687
Guatemala,GTM,2009,720
Guatemala,GTM,2010,695
Guatemala,GTM,2011,632
Guatemala,GTM,2012,573
Guatemala,GTM,2013,654
Guatemala,GTM,2014,630
Guatemala,GTM,2017,796
Guatemala,GTM,2018,755
Guatemala,GTM,2019,705
Guatemala,GTM,2020,451
Guatemala,GTM,2021,545
Guyana,GUY,2005,28
Guyana,GUY,2006,23
Guyana,GUY,2007,28
Guyana,GUY,2008,38
Guyana,GUY,2009,29
Guyana,GUY,2010,31
Guyana,GUY,2011,34
Guyana,GUY,2012,27
Guyana,GUY,2013,30
Guyana,GUY,2015,28
Guyana,GUY,2016,10
Guyana,GUY,2017,21
Guyana,GUY,2018,23
Guyana,GUY,2019,18
Guyana,GUY,2020,39
Guyana,GUY,2021,9
Haiti,HTI,2013,70
Haiti,HTI,2014,86
Haiti,HTI,2015,89
Haiti,HTI,2016,79
Haiti,HTI,2018,58
Haiti,HTI,2020,87
Haiti,HTI,2021,108
Haiti,HTI,2022,181
Honduras,HND,2006,209.80547
Honduras,HND,2007,324.4819
Honduras,HND,2008,311.74045
Honduras,HND,2009,364.03418
Honduras,HND,2010,384.81488
Honduras,HND,2011,482.99152
Honduras,HND,2012,606
Honduras,HND,2013,489.50974
Honduras,HND,2014,495.60803
Honduras,HND,2015,478.18576
Honduras,HND,2016,466
Honduras,HND,2017,391
Honduras,HND,2018,370
Honduras,HND,2019,397
Honduras,HND,2020,326
Honduras,HND,2021,329
Hong Kong,HKG,2003,22
Hong Kong,HKG,2004,20
Hong Kong,HKG,2005,13
Hong Kong,HKG,2006,18
Hong Kong,HKG,2007,11
Hong Kong,HKG,2008,25
Hong Kong,HKG,2009,25
Hong Kong,HKG,2010,19
Hong Kong,HKG,2011,9
Hong Kong,HKG,2012,12
Hong Kong,HKG,2013,37
Hong Kong,HKG,2014,13
Hong Kong,HKG,2015,9
Hong Kong,HKG,2016,11
Hong Kong,HKG,2017,15
Hong Kong,HKG,2018,16
Hong Kong,HKG,2019,13
Hong Kong,HKG,2020,9
Hong Kong,HKG,2021,11
Hungary,HUN,1990,69.28882
Hungary,HUN,1991,116.04306
Hungary,HUN,1992,114.19082
Hungary,HUN,1993,117.50119
Hungary,HUN,1994,98.56906
Hungary,HUN,1995,97.844444
Hungary,HUN,1996,113.403076
Hungary,HUN,1997,111.735466
Hungary,HUN,1998,113.47239
Hungary,HUN,1999,105.19931
Hungary,HUN,2000,87.4031
Hungary,HUN,2001,85.008064
Hungary,HUN,2002,87.120834
Hungary,HUN,2003,90.969696
Hungary,HUN,2004,88
Hungary,HUN,2005,76.466255
Hungary,HUN,2006,74.42774
Hungary,HUN,2007,63
Hungary,HUN,2008,70
Hungary,HUN,2009,63
Hungary,HUN,2010,61
Hungary,HUN,2011,42
Hungary,HUN,2012,58
Hungary,HUN,2013,71
Hungary,HUN,2014,67
Hungary,HUN,2015,102
Hungary,HUN,2016,82
Hungary,HUN,2017,44
Hungary,HUN,2018,43
Hungary,HUN,2019,31
Hungary,HUN,2020,39
Hungary,HUN,2021,26
Iceland,ISL,1996,0
Iceland,ISL,1999,1
Iceland,ISL,2005,0
Iceland,ISL,2007,0
Iceland,ISL,2009,0
Iceland,ISL,2010,0
Iceland,ISL,2011,1
Iceland,ISL,2012,1
Iceland,ISL,2013,0
Iceland,ISL,2014,1
Iceland,ISL,2015,0
Iceland,ISL,2016,1
Iceland,ISL,2017,2
Iceland,ISL,2018,1
Iceland,ISL,2019,0
Iceland,ISL,2020,4
Iceland,ISL,2021,1
India,IND,1999,14663.385
India,IND,2000,15195.721
India,IND,2001,14971.89
India,IND,2002,14518.605
India,IND,2003,14473
India,IND,2004,15864
India,IND,2005,15268
India,IND,2006,15571.921
India,IND,2007,16794
India,IND,2008,16993
India,IND,2009,17854
India,IND,2010,17871
India,IND,2011,18731
India,IND,2012,18451
India,IND,2013,17911
India,IND,2014,18284
India,IND,2015,17089
India,IND,2016,17860.799
India,IND,2017,17327.764
India,IND,2018,17233.451
India,IND,2019,17238.445
India,IND,2020,16383.429
India,IND,2021,17012.375
Iran,IRN,2013,292.14343
Iran,IRN,2014,224.23164
Iraq,IRQ,2008,627.5132
Iraq,IRQ,2009,952
Iraq,IRQ,2010,482.10422
Iraq,IRQ,2011,490.51022
Iraq,IRQ,2012,509.67715
Iraq,IRQ,2013,540.65656
Ireland,IRL,1990,2.3181818
Ireland,IRL,1991,7.6666665
Ireland,IRL,1992,5.357143
Ireland,IRL,1993,6
Ireland,IRL,1994,5
Ireland,IRL,1995,6.3703704
Ireland,IRL,1996,17.818182
Ireland,IRL,1997,11.4
Ireland,IRL,1998,6.487805
Ireland,IRL,1999,6.1621623
Ireland,IRL,2000,7.7894735
Ireland,IRL,2001,7.8
Ireland,IRL,2002,10.883721
Ireland,IRL,2003,8.222222
Ireland,IRL,2004,5
Ireland,IRL,2005,8.210526
Ireland,IRL,2006,16.238094
Ireland,IRL,2007,11.142858
Ireland,IRL,2008,9.95122
Ireland,IRL,2009,9.734694
Ireland,IRL,2010,7.236842
Ireland,IRL,2011,1.5
Ireland,IRL,2012,12.682927
Ireland,IRL,2013,7.8461537
Ireland,IRL,2015,7
Ireland,IRL,2016,2
Ireland,IRL,2017,15
Ireland,IRL,2018,10
Ireland,IRL,2019,8
Ireland,IRL,2020,6
Ireland,IRL,2021,7
Israel,ISR,1993,34.67213
Israel,ISR,1994,29.411764
Israel,ISR,1999,21.574802
Israel,ISR,2000,39
Israel,ISR,2001,38
Israel,ISR,2002,37
Israel,ISR,2003,36
Israel,ISR,2004,31
Israel,ISR,2005,48
Israel,ISR,2006,37
Israel,ISR,2007,27
Israel,ISR,2008,29
Israel,ISR,2009,27
Israel,ISR,2010,32
Israel,ISR,2011,34
Israel,ISR,2012,24
Israel,ISR,2013,35
Israel,ISR,2014,23
Israel,ISR,2015,24
Israel,ISR,2016,23
Israel,ISR,2017,23
Israel,ISR,2018,26
Israel,ISR,2019,19
Israel,ISR,2020,23
Israel,ISR,2021,27
Italy,ITA,1990,206.77406
Italy,ITA,1991,231.08298
Italy,ITA,1992,215.32236
Italy,ITA,1993,195.51724
Italy,ITA,1994,155.598
Italy,ITA,1995,199.81416
Italy,ITA,1996,215.96762
Italy,ITA,1997,192.7875
Italy,ITA,1998,194.31694
Italy,ITA,1999,181.22552
Italy,ITA,2000,190.54091
Italy,ITA,2001,171.13792
Italy,ITA,2002,182.85
Italy,ITA,2003,197.50308
Italy,ITA,2005,136.13287
Italy,ITA,2006,178.28526
Italy,ITA,2007,149.71178
Italy,ITA,2008,147.72058
Italy,ITA,2009,173
Italy,ITA,2010,154.45993
Italy,ITA,2011,166.11589
Italy,ITA,2012,162.57669
Italy,ITA,2013,179
Italy,ITA,2014,147
Italy,ITA,2015,135.92699
Italy,ITA,2016,151
Italy,ITA,2017,132
Italy,ITA,2018,141
Italy,ITA,2019,111
Italy,ITA,2020,116
Italy,ITA,2021,119
Jamaica,JAM,2005,186
Jamaica,JAM,2006,152
Jamaica,JAM,2007,151
Jamaica,JAM,2008,165
Jamaica,JAM,2009,156
Jamaica,JAM,2010,145
Jamaica,JAM,2011,119
Jamaica,JAM,2012,127
Jamaica,JAM,2013,130
Jamaica,JAM,2014,100
Jamaica,JAM,2015,116
Jamaica,JAM,2016,135
Jamaica,JAM,2017,160
Jamaica,JAM,2018,129
Jamaica,JAM,2019,128
Jamaica,JAM,2020,113
Jamaica,JAM,2021,133
Japan,JPN,1990,304
Japan,JPN,1991,298
Japan,JPN,1992,302
Japan,JPN,1993,318
Japan,JPN,1994,307
Japan,JPN,1995,340
Japan,JPN,1996,292
Japan,JPN,1997,312
Japan,JPN,1998,356
Japan,JPN,1999,338
Japan,JPN,2000,330
Japan,JPN,2001,315
Japan,JPN,2002,315
Japan,JPN,2003,318
Japan,JPN,2004,333
Japan,JPN,2005,319
Japan,JPN,2006,324
Japan,JPN,2007,282
Japan,JPN,2008,339
Japan,JPN,2009,253
Japan,JPN,2010,237
Japan,JPN,2011,234
Japan,JPN,2012,240
Japan,JPN,2013,191
Japan,JPN,2014,206
Japan,JPN,2015,218
Japan,JPN,2016,197
Japan,JPN,2017,173
Japan,JPN,2018,179
Japan,JPN,2019,181
Japan,JPN,2020,187
Japan,JPN,2021,134
Jordan,JOR,2007,29
Jordan,JOR,2008,30
Jordan,JOR,2009,36
Jordan,JOR,2010,38
Jordan,JOR,2011,28
Jordan,JOR,2012,25
Jordan,JOR,2016,33.427586
Jordan,JOR,2017,33
Jordan,JOR,2018,26
Jordan,JOR,2019,27
Jordan,JOR,2020,25
Jordan,JOR,2021,31
Kazakhstan,KAZ,2008,363
Kazakhstan,KAZ,2009,416
Kazakhstan,KAZ,2010,344
Kazakhstan,KAZ,2011,329
Kazakhstan,KAZ,2012,276
Kazakhstan,KAZ,2013,280
Kazakhstan,KAZ,2014,204
Kazakhstan,KAZ,2015,251
Kazakhstan,KAZ,2017,221
Kazakhstan,KAZ,2020,150
Kenya,KEN,2014,522.4301
Kenya,KEN,2015,611.1966
Kenya,KEN,2016,638.76935
Kenya,KEN,2017,433.0901
Kenya,KEN,2018,437
Kenya,KEN,2019,396
Kenya,KEN,2020,449
Kenya,KEN,2021,706
Kosovo,OWID_KOS,2008,25.681818
Kosovo,OWID_KOS,2009,11
Kosovo,OWID_KOS,2010,20
Kosovo,OWID_KOS,2011,9
Kosovo,OWID_KOS,2012,11
Kosovo,OWID_KOS,2013,4
Kosovo,OWID_KOS,2014,12
Kosovo,OWID_KOS,2015,10
Kosovo,OWID_KOS,2016,8
Kosovo,OWID_KOS,2017,13
Kosovo,OWID_KOS,2018,9
Kosovo,OWID_KOS,2019,3
Kosovo,OWID_KOS,2020,8
Kosovo,OWID_KOS,2021,3
Kuwait,KWT,2003,5
Kuwait,KWT,2004,11
Kuwait,KWT,2005,16
Kuwait,KWT,2006,6
Kuwait,KWT,2007,12
Kuwait,KWT,2008,11
Kuwait,KWT,2009,12
Kuwait,KWT,2010,13
Kuwait,KWT,2011,11
Kuwait,KWT,2012,10
Kuwait,KWT,2017,23
Kuwait,KWT,2018,14
Kuwait,KWT,2019,4
Kuwait,KWT,2020,18
Latvia,LVA,2012,37
Latvia,LVA,2013,24
Latvia,LVA,2014,36.57143
Latvia,LVA,2015,29.439394
Latvia,LVA,2016,34
Latvia,LVA,2017,42
Latvia,LVA,2018,43
Latvia,LVA,2019,42
Latvia,LVA,2020,42
Latvia,LVA,2021,36
Lebanon,LBN,2010,24
Lebanon,LBN,2011,29
Lebanon,LBN,2012,15
Lebanon,LBN,2013,21
Lebanon,LBN,2014,22
Lebanon,LBN,2015,24
Lebanon,LBN,2016,22
Lebanon,LBN,2017,35
Lebanon,LBN,2018,34
Lebanon,LBN,2019,24
Lebanon,LBN,2020,29
Liechtenstein,LIE,2009,0
Liechtenstein,LIE,2010,0
Liechtenstein,LIE,2011,0
Liechtenstein,LIE,2012,0
Liechtenstein,LIE,2013,0
Liechtenstein,LIE,2014,0
Liechtenstein,LIE,2015,0
Liechtenstein,LIE,2016,0
Liechtenstein,LIE,2017,1
Liechtenstein,LIE,2018,1
Liechtenstein,LIE,2020,1
Liechtenstein,LIE,2021,1
Lithuania,LTU,1993,100.19785
Lithuania,LTU,1994,122.56539
Lithuania,LTU,1995,152.68202
Lithuania,LTU,1996,116.55523
Lithuania,LTU,1997,115.20536
Lithuania,LTU,1998,91.34984
Lithuania,LTU,1999,91.55556
Lithuania,LTU,2000,101.884056
Lithuania,LTU,2001,89.24157
Lithuania,LTU,2002,69.70564
Lithuania,LTU,2003,103.614456
Lithuania,LTU,2004,130
Lithuania,LTU,2005,100
Lithuania,LTU,2006,75
Lithuania,LTU,2007,72
Lithuania,LTU,2008,81
Lithuania,LTU,2009,64
Lithuania,LTU,2010,75
Lithuania,LTU,2011,66
Lithuania,LTU,2012,53
Lithuania,LTU,2013,60
Lithuania,LTU,2014,53
Lithuania,LTU,2015,49
Lithuania,LTU,2016,46
Lithuania,LTU,2017,26
Lithuania,LTU,2018,17
Lithuania,LTU,2019,22
Lithuania,LTU,2020,29
Lithuania,LTU,2021,22
Luxembourg,LUX,1996,2
Luxembourg,LUX,2001,4
Luxembourg,LUX,2004,1
Luxembourg,LUX,2006,2
Luxembourg,LUX,2007,3
Luxembourg,LUX,2009,0
Luxembourg,LUX,2010,5
Luxembourg,LUX,2011,0
Luxembourg,LUX,2012,0
Luxembourg,LUX,2013,0
Luxembourg,LUX,2014,2
Luxembourg,LUX,2019,1
Luxembourg,LUX,2020,0
Macao,MAC,1994,6
Macao,MAC,2008,3
Macao,MAC,2009,3
Macao,MAC,2010,0
Macao,MAC,2011,3
Macao,MAC,2012,1
Macao,MAC,2013,1
Macao,MAC,2014,1
Macao,MAC,2015,1
Macao,MAC,2016,0
Macao,MAC,2017,2
Macao,MAC,2018,1
Macao,MAC,2019,0
Macao,MAC,2020,2
Macao,MAC,2021,3
Maldives,MDV,2016,4
Maldives,MDV,2017,5
Malta,MLT,2004,4
Malta,MLT,2005,2
Malta,MLT,2006,0
Malta,MLT,2007,1
Malta,MLT,2008,1
Malta,MLT,2009,3
Malta,MLT,2010,1
Malta,MLT,2011,3
Malta,MLT,2012,3
Malta,MLT,2013,0
Malta,MLT,2014,1
Malta,MLT,2015,2
Malta,MLT,2016,2
Malta,MLT,2017,1
Malta,MLT,2018,4
Malta,MLT,2019,3
Malta,MLT,2020,1
Malta,MLT,2021,0
Martinique,MTQ,2006,5
Martinique,MTQ,2007,5.4761906
Martinique,MTQ,2008,4.25
Martinique,MTQ,2009,3
Mauritius,MUS,1990,4.347826
Mauritius,MUS,1991,4.3939395
Mauritius,MUS,1992,8.71875
Mauritius,MUS,1993,5.88
Mauritius,MUS,1994,11.571428
Mauritius,MUS,1995,5
Mauritius,MUS,1996,7.9333334
Mauritius,MUS,1997,4.8
Mauritius,MUS,1998,6.642857
Mauritius,MUS,1999,9.757576
Mauritius,MUS,2000,11.375
Mauritius,MUS,2003,10.96875
Mauritius,MUS,2004,7
Mauritius,MUS,2005,13.155556
Mauritius,MUS,2006,12.698413
Mauritius,MUS,2007,12.272727
Mauritius,MUS,2008,17.538462
Mauritius,MUS,2009,16
Mauritius,MUS,2010,8
Mauritius,MUS,2011,8
Mauritius,MUS,2012,10
Mauritius,MUS,2013,11
Mauritius,MUS,2014,8
Mauritius,MUS,2015,6
Mauritius,MUS,2016,10
Mauritius,MUS,2017,13
Mauritius,MUS,2018,14
Mauritius,MUS,2019,6
Mauritius,MUS,2020,11
Mauritius,MUS,2021,12
Mexico,MEX,1990,1523.4148
Mexico,MEX,1991,1538.1687
Mexico,MEX,1992,1626.5287
Mexico,MEX,1993,1554.8418
Mexico,MEX,1994,1477.8661
Mexico,MEX,1995,1526.9562
Mexico,MEX,1996,1461.5114
Mexico,MEX,1997,1371.6194
Mexico,MEX,1998,1532.5712
Mexico,MEX,1999,1412.2683
Mexico,MEX,2000,1285.3168
Mexico,MEX,2001,1284.1226
Mexico,MEX,2002,1281.3972
Mexico,MEX,2003,1318.2217
Mexico,MEX,2004,1207.035
Mexico,MEX,2005,1298.8329
Mexico,MEX,2006,1299.3676
Mexico,MEX,2007,1083.978
Mexico,MEX,2008,1425.7125
Mexico,MEX,2009,1928.8961
Mexico,MEX,2010,2418
Mexico,MEX,2011,2693
Mexico,MEX,2012,2764
Mexico,MEX,2013,2648
Mexico,MEX,2014,2408
Mexico,MEX,2015,2383
Mexico,MEX,2016,2813
Mexico,MEX,2017,3430
Mexico,MEX,2018,3752
Mexico,MEX,2019,3893
Mexico,MEX,2020,3957
Mexico,MEX,2021,4002
Micronesia (country),FSM,2019,1
Moldova,MDA,1991,96.91517
Moldova,MDA,1992,126.202995
Moldova,MDA,1993,112.9927
Moldova,MDA,1994,103.77316
Moldova,MDA,1995,93.93046
Moldova,MDA,1996,112.733444
Moldova,MDA,1997,106.308975
Moldova,MDA,1998,90.57971
Moldova,MDA,1999,98.22683
Moldova,MDA,2000,120.27778
Moldova,MDA,2001,120.16953
Moldova,MDA,2002,126.518715
Moldova,MDA,2003,107.28274
Moldova,MDA,2004,92.333336
Moldova,MDA,2005,100
Moldova,MDA,2006,76
Moldova,MDA,2007,68
Moldova,MDA,2008,91
Moldova,MDA,2009,71
Moldova,MDA,2010,102
Moldova,MDA,2011,87
Moldova,MDA,2012,63
Moldova,MDA,2013,69
Moldova,MDA,2014,17
Moldova,MDA,2015,47
Moldova,MDA,2016,48
Moldova,MDA,2017,36
Moldova,MDA,2018,41
Moldova,MDA,2019,30
Moldova,MDA,2020,26
Monaco,MCO,2013,0
Monaco,MCO,2015,0
Mongolia,MNG,2007,66.450516
Mongolia,MNG,2008,49
Mongolia,MNG,2009,59
Mongolia,MNG,2010,67
Mongolia,MNG,2011,60
Mongolia,MNG,2012,57
Mongolia,MNG,2013,58
Mongolia,MNG,2014,54
Mongolia,MNG,2015,51
Mongolia,MNG,2016,39
Mongolia,MNG,2017,45
Mongolia,MNG,2018,45
Mongolia,MNG,2019,40
Mongolia,MNG,2020,40
Mongolia,MNG,2021,43
Montenegro,MNE,2007,3
Montenegro,MNE,2008,5
Montenegro,MNE,2009,6.681818
Montenegro,MNE,2010,7
Montenegro,MNE,2011,3
Montenegro,MNE,2012,3
Montenegro,MNE,2013,1
Montenegro,MNE,2014,4
Montenegro,MNE,2015,3
Montenegro,MNE,2016,3
Montenegro,MNE,2017,4
Montenegro,MNE,2018,2
Montenegro,MNE,2019,5
Montenegro,MNE,2020,3
Montenegro,MNE,2021,2
Montserrat,MSR,1990,0
Montserrat,MSR,1991,0
Montserrat,MSR,1992,0
Montserrat,MSR,1993,0
Montserrat,MSR,1994,1
Montserrat,MSR,1995,0
Montserrat,MSR,1996,0
Montserrat,MSR,1997,0
Montserrat,MSR,1998,0
Montserrat,MSR,1999,0
Montserrat,MSR,2000,0
Montserrat,MSR,2001,0
Montserrat,MSR,2002,0
Montserrat,MSR,2003,0
Montserrat,MSR,2004,0
Montserrat,MSR,2005,0
Montserrat,MSR,2006,0
Montserrat,MSR,2008,0
Montserrat,MSR,2012,1
Morocco,MAR,2009,52.89796
Morocco,MAR,2012,56
Morocco,MAR,2013,66
Morocco,MAR,2014,59
Morocco,MAR,2015,97
Morocco,MAR,2016,105
Morocco,MAR,2017,113
Morocco,MAR,2018,70
Morocco,MAR,2019,117
Morocco,MAR,2020,84
Morocco,MAR,2021,99
Myanmar,MMR,2009,131
Myanmar,MMR,2010,151
Myanmar,MMR,2011,100
Myanmar,MMR,2012,241
Myanmar,MMR,2013,208
Myanmar,MMR,2014,206
Myanmar,MMR,2015,225
Myanmar,MMR,2016,250
Myanmar,MMR,2017,257
Myanmar,MMR,2018,266
Myanmar,MMR,2019,272
Myanmar,MMR,2020,260
Myanmar,MMR,2021,1969
Namibia,NAM,2018,120
Namibia,NAM,2019,103
Namibia,NAM,2020,86
Namibia,NAM,2021,89
Netherlands,NLD,1990,43
Netherlands,NLD,1991,59
Netherlands,NLD,1992,53
Netherlands,NLD,1993,55
Netherlands,NLD,1994,51
Netherlands,NLD,1995,75
Netherlands,NLD,1996,66
Netherlands,NLD,1997,63
Netherlands,NLD,1998,47
Netherlands,NLD,1999,59
Netherlands,NLD,2000,60
Netherlands,NLD,2001,68
Netherlands,NLD,2002,61
Netherlands,NLD,2003,73
Netherlands,NLD,2004,53
Netherlands,NLD,2005,57
Netherlands,NLD,2006,49
Netherlands,NLD,2007,47
Netherlands,NLD,2008,47
Netherlands,NLD,2009,50
Netherlands,NLD,2010,54
Netherlands,NLD,2011,50
Netherlands,NLD,2012,50
Netherlands,NLD,2013,56
Netherlands,NLD,2014,30
Netherlands,NLD,2015,42
Netherlands,NLD,2016,32
Netherlands,NLD,2017,43
Netherlands,NLD,2018,36
Netherlands,NLD,2019,42
Netherlands,NLD,2020,44
Netherlands,NLD,2021,37
New Zealand,NZL,1995,11.266666
New Zealand,NZL,1996,16.235294
New Zealand,NZL,1997,23.82353
New Zealand,NZL,1998,21.491228
New Zealand,NZL,1999,10.588235
New Zealand,NZL,2000,20.8
New Zealand,NZL,2001,21.169811
New Zealand,NZL,2002,26.571428
New Zealand,NZL,2003,14.142858
New Zealand,NZL,2004,11.938775
New Zealand,NZL,2005,26.739725
New Zealand,NZL,2006,17.33846
New Zealand,NZL,2007,19
New Zealand,NZL,2008,23
New Zealand,NZL,2009,25
New Zealand,NZL,2010,22.52381
New Zealand,NZL,2011,15
New Zealand,NZL,2012,21
New Zealand,NZL,2013,12
New Zealand,NZL,2014,13.681818
New Zealand,NZL,2015,16
New Zealand,NZL,2016,22
New Zealand,NZL,2017,13
New Zealand,NZL,2018,25
New Zealand,NZL,2019,33
Nicaragua,NIC,2008,58
Nicaragua,NIC,2009,94.473755
Nicaragua,NIC,2010,78
Nicaragua,NIC,2011,55.21197
Nicaragua,NIC,2012,64.09524
Nicaragua,NIC,2013,65
Nicaragua,NIC,2015,66
Nicaragua,NIC,2016,48
Nicaragua,NIC,2017,58
Nicaragua,NIC,2018,63
Nicaragua,NIC,2019,53
Nicaragua,NIC,2021,108
North Macedonia,MKD,1998,9.6
North Macedonia,MKD,1999,8.603773
North Macedonia,MKD,2000,11.557377
North Macedonia,MKD,2002,8.695652
North Macedonia,MKD,2003,16.969696
North Macedonia,MKD,2004,12.25
North Macedonia,MKD,2005,9.307693
North Macedonia,MKD,2006,9
North Macedonia,MKD,2007,11
North Macedonia,MKD,2008,9
North Macedonia,MKD,2009,12
North Macedonia,MKD,2010,15
North Macedonia,MKD,2011,4
North Macedonia,MKD,2012,11
North Macedonia,MKD,2013,7
North Macedonia,MKD,2014,10
North Macedonia,MKD,2015,2
North Macedonia,MKD,2016,6
North Macedonia,MKD,2017,4
North Macedonia,MKD,2018,9
North Macedonia,MKD,2019,4
Norway,NOR,1990,11.510204
Norway,NOR,1991,15.151515
Norway,NOR,1992,12.723404
Norway,NOR,1993,17.190475
Norway,NOR,1994,15.529411
Norway,NOR,1995,15.866667
Norway,NOR,1996,20.127659
Norway,NOR,1997,12.04878
Norway,NOR,1998,12.372093
Norway,NOR,1999,12.157895
Norway,NOR,2000,21.73585
Norway,NOR,2001,14.575758
Norway,NOR,2002,15.333333
Norway,NOR,2003,24.4375
Norway,NOR,2004,12
Norway,NOR,2005,15.967742
Norway,NOR,2006,21
Norway,NOR,2007,17
Norway,NOR,2008,10
Norway,NOR,2009,12
Norway,NOR,2010,15
Norway,NOR,2011,52
Norway,NOR,2012,9
Norway,NOR,2013,20
Norway,NOR,2014,13
Norway,NOR,2015,14
Norway,NOR,2016,11
Norway,NOR,2017,13
Norway,NOR,2018,9
Norway,NOR,2019,16
Norway,NOR,2020,15
Norway,NOR,2021,16
Oceania (UN),,2000,359.558
Oceania (UN),,2001,318.15488
Oceania (UN),,2002,337.28354
Oceania (UN),,2003,334.38992
Oceania (UN),,2004,339.0933
Oceania (UN),,2005,369.50488
Oceania (UN),,2006,344.22604
Oceania (UN),,2007,336.02374
Oceania (UN),,2008,393.45157
Oceania (UN),,2009,335.16653
Oceania (UN),,2010,422.15698
Oceania (UN),,2011,386.7182
Oceania (UN),,2012,393.04126
Oceania (UN),,2013,410.0155
Oceania (UN),,2014,444.37662
Oceania (UN),,2015,417.70947
Oceania (UN),,2016,443.68378
Oceania (UN),,2017,382.05734
Oceania (UN),,2018,451.60025
Oceania (UN),,2019,380.39627
Oceania (UN),,2020,433.1977
Oceania (UN),,2021,376.8218
Oman,OMN,2014,6
Oman,OMN,2015,4
Oman,OMN,2016,5
Oman,OMN,2017,4
Oman,OMN,2018,2
Oman,OMN,2019,6
Oman,OMN,2020,4
Oman,OMN,2021,3
Palestine,PSE,2010,9.6
Palestine,PSE,2011,3.1304348
Palestine,PSE,2012,4
Palestine,PSE,2015,7
Palestine,PSE,2017,5
Palestine,PSE,2018,3
Palestine,PSE,2019,7
Palestine,PSE,2020,14
Palestine,PSE,2021,9
Panama,PAN,1996,22.331753
Panama,PAN,1997,30.102388
Panama,PAN,1998,40.464
Panama,PAN,1999,18.688524
Panama,PAN,2000,28.968859
Panama,PAN,2001,26.824675
Panama,PAN,2002,39.252747
Panama,PAN,2003,35.97191
Panama,PAN,2004,27
Panama,PAN,2005,35.586594
Panama,PAN,2006,19
Panama,PAN,2007,21
Panama,PAN,2008,31
Panama,PAN,2009,40
Panama,PAN,2010,31
Panama,PAN,2011,26
Panama,PAN,2012,34.107086
Panama,PAN,2013,50
Panama,PAN,2014,38.253334
Panama,PAN,2015,49.52575
Panama,PAN,2016,44
Panama,PAN,2017,39
Panama,PAN,2018,35
Panama,PAN,2019,52
Panama,PAN,2020,46
Panama,PAN,2021,43
Paraguay,PRY,2007,46
Paraguay,PRY,2008,59
Paraguay,PRY,2009,69
Paraguay,PRY,2010,73
Paraguay,PRY,2011,62
Paraguay,PRY,2012,73
Paraguay,PRY,2013,52
Paraguay,PRY,2014,69
Paraguay,PRY,2015,57
Paraguay,PRY,2016,55
Paraguay,PRY,2017,57
Paraguay,PRY,2018,63
Paraguay,PRY,2019,54
Paraguay,PRY,2020,69
Paraguay,PRY,2021,64
Peru,PER,2011,277
Peru,PER,2012,314
Peru,PER,2013,309
Peru,PER,2014,342
Peru,PER,2015,400
Peru,PER,2016,500
Peru,PER,2017,511
Peru,PER,2018,531
Peru,PER,2019,473
Peru,PER,2020,359
Philippines,PHL,2007,951.95465
Philippines,PHL,2008,1196.6804
Philippines,PHL,2009,1574.1306
Philippines,PHL,2010,1212.907
Philippines,PHL,2011,1018.88855
Philippines,PHL,2012,1086.5576
Philippines,PHL,2016,940
Philippines,PHL,2017,684
Philippines,PHL,2018,492
Philippines,PHL,2019,433
Poland,POL,1990,217.2558
Poland,POL,1991,268.0646
Poland,POL,1992,216.91385
Poland,POL,1993,247.6108
Poland,POL,1994,248.42073
Poland,POL,1995,237.55423
Poland,POL,1996,262.9311
Poland,POL,1999,183.60333
Poland,POL,2000,228.7125
Poland,POL,2001,218.54218
Poland,POL,2002,204.27058
Poland,POL,2003,205.14238
Poland,POL,2004,153.85417
Poland,POL,2005,144.22043
Poland,POL,2006,140.1228
Poland,POL,2007,115.66092
Poland,POL,2008,88.54321
Poland,POL,2009,112.17391
Poland,POL,2010,118.23729
Poland,POL,2011,131.74634
Poland,POL,2012,110.747986
Poland,POL,2013,85.60142
Poland,POL,2014,92.213
Poland,POL,2015,112
Poland,POL,2016,71
Poland,POL,2017,94
Poland,POL,2018,83
Poland,POL,2019,80
Poland,POL,2020,89
Poland,POL,2021,79
Polynesia (UN),,2000,3.6153138
Polynesia (UN),,2001,4.514742
Polynesia (UN),,2002,4.540324
Polynesia (UN),,2003,3.4804041
Polynesia (UN),,2004,3.5613778
Polynesia (UN),,2005,3.6751468
Polynesia (UN),,2006,3.571131
Polynesia (UN),,2007,5.1592393
Polynesia (UN),,2008,7.170945
Polynesia (UN),,2009,5.90805
Polynesia (UN),,2010,3.1013482
Polynesia (UN),,2011,2.5576787
Polynesia (UN),,2012,3.0886667
Polynesia (UN),,2013,3.9653995
Polynesia (UN),,2014,5.1662784
Polynesia (UN),,2015,6.026661
Polynesia (UN),,2016,6.7693024
Polynesia (UN),,2017,8.151476
Polynesia (UN),,2018,8.467406
Polynesia (UN),,2019,2.1210952
Polynesia (UN),,2020,4.126997
Polynesia (UN),,2021,4.075394
Portugal,PRT,1994,40.18954
Portugal,PRT,1995,34.854652
Portugal,PRT,1996,26.70229
Portugal,PRT,1997,28.272
Portugal,PRT,1998,31.48855
Portugal,PRT,1999,33.25424
Portugal,PRT,2000,35.87629
Portugal,PRT,2001,25.074627
Portugal,PRT,2002,37.26923
Portugal,PRT,2003,33.30588
Portugal,PRT,2004,39.272728
Portugal,PRT,2005,32.861843
Portugal,PRT,2006,42.272728
Portugal,PRT,2007,51.666668
Portugal,PRT,2008,36.027027
Portugal,PRT,2009,37.86408
Portugal,PRT,2010,41.648853
Portugal,PRT,2011,39.151516
Portugal,PRT,2012,41.338844
Portugal,PRT,2013,51.958763
Portugal,PRT,2014,48.110092
Portugal,PRT,2015,31.73077
Portugal,PRT,2016,18.289156
Portugal,PRT,2017,23.945206
Portugal,PRT,2018,27.3375
Portugal,PRT,2019,32.80899
Portugal,PRT,2020,33.674156
Puerto Rico,PRI,1990,75.12865
Puerto Rico,PRI,1991,108.8655
Puerto Rico,PRI,1992,76.14571
Puerto Rico,PRI,1993,99.47862
Puerto Rico,PRI,1994,84.139626
Puerto Rico,PRI,1995,78.12271
Puerto Rico,PRI,1996,76.69827
Puerto Rico,PRI,1997,58.613457
Puerto Rico,PRI,1998,59.199005
Puerto Rico,PRI,1999,56.263554
Puerto Rico,PRI,2000,74
Puerto Rico,PRI,2001,69
Puerto Rico,PRI,2002,63
Puerto Rico,PRI,2003,59
Puerto Rico,PRI,2004,68
Puerto Rico,PRI,2005,66
Puerto Rico,PRI,2006,45
Puerto Rico,PRI,2007,50
Puerto Rico,PRI,2008,64
Puerto Rico,PRI,2009,56
Puerto Rico,PRI,2010,64
Puerto Rico,PRI,2011,82
Puerto Rico,PRI,2012,83
Puerto Rico,PRI,2013,53
Puerto Rico,PRI,2014,52
Puerto Rico,PRI,2015,37
Puerto Rico,PRI,2016,56
Puerto Rico,PRI,2017,37
Puerto Rico,PRI,2018,50
Puerto Rico,PRI,2019,41
Puerto Rico,PRI,2020,49
Qatar,QAT,2001,1
Qatar,QAT,2004,1
Qatar,QAT,2005,4
Qatar,QAT,2006,1
Qatar,QAT,2007,3
Qatar,QAT,2008,1
Qatar,QAT,2009,2
Qatar,QAT,2010,0
Qatar,QAT,2011,0
Qatar,QAT,2012,1
Qatar,QAT,2013,1
Qatar,QAT,2014,2
Qatar,QAT,2015,1
Qatar,QAT,2016,5
Qatar,QAT,2017,1
Qatar,QAT,2018,0
Qatar,QAT,2019,0
Qatar,QAT,2020,2
Qatar,QAT,2021,4
Reunion,REU,2004,10.35
Reunion,REU,2005,7.352941
Reunion,REU,2006,8.142858
Reunion,REU,2007,8
Reunion,REU,2008,4.5
Reunion,REU,2009,5.8333335
Romania,ROU,1990,194.3043
Romania,ROU,1991,184.69077
Romania,ROU,1992,213.84813
Romania,ROU,1993,200.45195
Romania,ROU,1994,222.48413
Romania,ROU,1995,209.43677
Romania,ROU,1996,219.73914
Romania,ROU,1997,221.34146
Romania,ROU,1998,165.17506
Romania,ROU,1999,162.82191
Romania,ROU,2000,140
Romania,ROU,2001,177
Romania,ROU,2002,243
Romania,ROU,2003,238
Romania,ROU,2004,154
Romania,ROU,2005,156
Romania,ROU,2006,110
Romania,ROU,2007,123
Romania,ROU,2008,101
Romania,ROU,2009,88
Romania,ROU,2010,90
Romania,ROU,2011,69
Romania,ROU,2012,83
Romania,ROU,2013,58
Romania,ROU,2014,107
Romania,ROU,2015,95
Romania,ROU,2016,91
Romania,ROU,2017,89
Romania,ROU,2018,82
Romania,ROU,2019,71
Romania,ROU,2020,96
Romania,ROU,2021,76
Russia,RUS,1990,5107
Russia,RUS,1991,5310
Russia,RUS,1992,7778
Russia,RUS,1993,10618
Russia,RUS,1994,11297
Russia,RUS,1995,10777
Russia,RUS,1996,9643
Russia,RUS,1997,8688
Russia,RUS,1998,8423
Russia,RUS,1999,9870
Russia,RUS,2000,10337
Russia,RUS,2001,10756
Russia,RUS,2002,10716
Russia,RUS,2003,10305
Russia,RUS,2004,9641
Russia,RUS,2005,8849
Russia,RUS,2006,7215
Russia,RUS,2007,6196
Russia,RUS,2008,4493
Russia,RUS,2009,4620
Russia,RUS,2010,4358
Russia,RUS,2011,4057
Russia,RUS,2012,4239
Russia,RUS,2013,4021
Russia,RUS,2014,4191
Russia,RUS,2015,4283
Russia,RUS,2016,4154
Russia,RUS,2017,3484
Russia,RUS,2018,3173
Russia,RUS,2019,2921
Russia,RUS,2020,2763
Russia,RUS,2021,2568
Saint Kitts and Nevis,KNA,1997,3
Saint Kitts and Nevis,KNA,1999,0
Saint Kitts and Nevis,KNA,2001,2
Saint Kitts and Nevis,KNA,2002,0
Saint Kitts and Nevis,KNA,2003,0
Saint Kitts and Nevis,KNA,2004,0
Saint Kitts and Nevis,KNA,2009,3
Saint Kitts and Nevis,KNA,2010,2
Saint Kitts and Nevis,KNA,2011,1
Saint Kitts and Nevis,KNA,2016,2
Saint Kitts and Nevis,KNA,2017,3
Saint Kitts and Nevis,KNA,2018,4
Saint Kitts and Nevis,KNA,2019,2
Saint Kitts and Nevis,KNA,2020,0
Saint Kitts and Nevis,KNA,2021,1
Saint Lucia,LCA,1990,5
Saint Lucia,LCA,1991,3
Saint Lucia,LCA,1992,3
Saint Lucia,LCA,1993,0
Saint Lucia,LCA,1994,3
Saint Lucia,LCA,1995,3
Saint Lucia,LCA,1996,1
Saint Lucia,LCA,1997,5
Saint Lucia,LCA,1998,2
Saint Lucia,LCA,1999,2
Saint Lucia,LCA,2000,2.4642856
Saint Lucia,LCA,2002,6.631579
Saint Lucia,LCA,2003,2.1176472
Saint Lucia,LCA,2004,3.8947368
Saint Lucia,LCA,2009,6.09375
Saint Lucia,LCA,2010,5.5
Saint Lucia,LCA,2011,7.318182
Saint Lucia,LCA,2012,6.324324
Saint Lucia,LCA,2013,5
Saint Lucia,LCA,2014,0
Saint Lucia,LCA,2015,5
Saint Lucia,LCA,2016,2
Saint Lucia,LCA,2017,4
Saint Lucia,LCA,2018,4
Saint Lucia,LCA,2019,0
Saint Lucia,LCA,2020,5
Saint Lucia,LCA,2021,8
Saint Pierre and Miquelon,SPM,2006,0
Saint Vincent and the Grenadines,VCT,2004,6.214286
Saint Vincent and the Grenadines,VCT,2005,7
Saint Vincent and the Grenadines,VCT,2006,6.1538463
Saint Vincent and the Grenadines,VCT,2007,8.888889
Saint Vincent and the Grenadines,VCT,2008,3
Saint Vincent and the Grenadines,VCT,2009,3.45
Saint Vincent and the Grenadines,VCT,2010,3
Saint Vincent and the Grenadines,VCT,2016,4
Saint Vincent and the Grenadines,VCT,2017,5
Saint Vincent and the Grenadines,VCT,2018,7
Saint Vincent and the Grenadines,VCT,2019,0
Saint Vincent and the Grenadines,VCT,2020,5
Saint Vincent and the Grenadines,VCT,2021,0
Samoa,WSM,2017,1
Samoa,WSM,2018,1
San Marino,SMR,1995,0
San Marino,SMR,1996,0
San Marino,SMR,1997,0
San Marino,SMR,1998,0
San Marino,SMR,1999,0
San Marino,SMR,2000,0
San Marino,SMR,2001,0
San Marino,SMR,2002,1
San Marino,SMR,2003,0
San Marino,SMR,2004,0
San Marino,SMR,2005,0
San Marino,SMR,2006,0
San Marino,SMR,2007,0
San Marino,SMR,2008,0
San Marino,SMR,2009,0
San Marino,SMR,2010,0
San Marino,SMR,2011,0
Sao Tome and Principe,STP,2006,0
Sao Tome and Principe,STP,2007,0
Sao Tome and Principe,STP,2008,0
Sao Tome and Principe,STP,2009,0
Sao Tome and Principe,STP,2010,0
Sao Tome and Principe,STP,2011,0
Serbia,SRB,2000,59.82178
Serbia,SRB,2001,75.798164
Serbia,SRB,2002,56.09756
Serbia,SRB,2003,67.235954
Serbia,SRB,2004,51.101448
Serbia,SRB,2005,45
Serbia,SRB,2006,51
Serbia,SRB,2007,55
Serbia,SRB,2008,38
Serbia,SRB,2009,38
Serbia,SRB,2010,43
Serbia,SRB,2011,40
Serbia,SRB,2012,39
Serbia,SRB,2013,47
Serbia,SRB,2014,37
Serbia,SRB,2015,30
Serbia,SRB,2016,38
Serbia,SRB,2017,25
Serbia,SRB,2018,28
Serbia,SRB,2019,28
Serbia,SRB,2020,22
Serbia,SRB,2021,27
Seychelles,SYC,2004,1.8181819
Seychelles,SYC,2006,2.5714285
Seychelles,SYC,2007,1.4545455
Seychelles,SYC,2008,1.2
Seychelles,SYC,2009,2.8
Seychelles,SYC,2010,1.2857143
Seychelles,SYC,2011,5.0526314
Seychelles,SYC,2012,0.44444445
Seychelles,SYC,2013,6.5454545
Seychelles,SYC,2014,2.4615386
Singapore,SGP,2006,5
Singapore,SGP,2007,5
Singapore,SGP,2008,11
Singapore,SGP,2009,7
Singapore,SGP,2010,3
Singapore,SGP,2011,6
Singapore,SGP,2012,6
Singapore,SGP,2013,6
Singapore,SGP,2014,7
Singapore,SGP,2015,3
Singapore,SGP,2016,7
Singapore,SGP,2017,5
Singapore,SGP,2018,7
Singapore,SGP,2019,7
Singapore,SGP,2020,5
Singapore,SGP,2021,2
Slovakia,SVK,2000,34
Slovakia,SVK,2001,33
Slovakia,SVK,2002,49
Slovakia,SVK,2003,47
Slovakia,SVK,2004,36
Slovakia,SVK,2005,32
Slovakia,SVK,2006,15
Slovakia,SVK,2007,28
Slovakia,SVK,2008,24
Slovakia,SVK,2009,32
Slovakia,SVK,2010,31
Slovakia,SVK,2011,31
Slovakia,SVK,2012,18
Slovakia,SVK,2013,23
Slovakia,SVK,2014,19
Slovakia,SVK,2015,14
Slovakia,SVK,2016,20
Slovakia,SVK,2017,19
Slovakia,SVK,2018,26
Slovakia,SVK,2019,15
Slovakia,SVK,2020,28
Slovakia,SVK,2021,18
Slovenia,SVN,2004,7
Slovenia,SVN,2005,10
Slovenia,SVN,2006,3
Slovenia,SVN,2007,8
Slovenia,SVN,2008,5
Slovenia,SVN,2009,7
Slovenia,SVN,2010,8
Slovenia,SVN,2011,7
Slovenia,SVN,2012,6
Slovenia,SVN,2013,3
Slovenia,SVN,2014,6
Slovenia,SVN,2015,11
Slovenia,SVN,2016,2
Slovenia,SVN,2017,9
Slovenia,SVN,2018,5
Slovenia,SVN,2019,7
Slovenia,SVN,2020,6
Slovenia,SVN,2021,6
South Africa,ZAF,2006,2727.033
South Africa,ZAF,2007,2679.1208
South Africa,ZAF,2008,2545.6587
South Africa,ZAF,2009,2596.0376
South Africa,ZAF,2010,2741.8914
South Africa,ZAF,2011,2399.5151
South Africa,ZAF,2016,2639
South Africa,ZAF,2017,2930
South Africa,ZAF,2018,2771
South Africa,ZAF,2019,2695
South Korea,KOR,2011,217.0773
South Korea,KOR,2012,219
South Korea,KOR,2013,182
South Korea,KOR,2014,193
South Korea,KOR,2015,198
South Korea,KOR,2016,193
South Korea,KOR,2017,153
South Korea,KOR,2018,154
South Korea,KOR,2019,154
South Korea,KOR,2020,138
South Korea,KOR,2021,128
Spain,ESP,2001,132.51674
Spain,ESP,2002,134.16167
Spain,ESP,2003,171.09865
Spain,ESP,2004,187.55556
Spain,ESP,2005,129.1671
Spain,ESP,2006,159.51064
Spain,ESP,2007,167.11176
Spain,ESP,2008,127.05291
Spain,ESP,2009,136.30075
Spain,ESP,2010,156
Spain,ESP,2011,128
Spain,ESP,2012,125
Spain,ESP,2013,121
Spain,ESP,2014,128
Spain,ESP,2015,121
Spain,ESP,2016,113
Spain,ESP,2017,113
Spain,ESP,2018,117
Spain,ESP,2019,126
Spain,ESP,2020,119
Spain,ESP,2021,97
Sri Lanka,LKA,2008,349
Sri Lanka,LKA,2009,203
Sri Lanka,LKA,2010,168
Sri Lanka,LKA,2011,185
Sri Lanka,LKA,2012,171
Sri Lanka,LKA,2013,146
Sri Lanka,LKA,2014,125
Sri Lanka,LKA,2015,111
Sri Lanka,LKA,2016,130
Sri Lanka,LKA,2017,87
Sri Lanka,LKA,2018,103
Sri Lanka,LKA,2019,249
Suriname,SUR,2007,14.594595
Suriname,SUR,2008,10
Suriname,SUR,2013,3
Suriname,SUR,2014,6
Suriname,SUR,2015,11
Suriname,SUR,2016,16
Suriname,SUR,2017,11
Suriname,SUR,2018,7
Suriname,SUR,2019,6
Suriname,SUR,2020,14
Suriname,SUR,2021,7
Sweden,SWE,1999,28.724771
Sweden,SWE,2000,36.923077
Sweden,SWE,2001,29.33721
Sweden,SWE,2002,36.281555
Sweden,SWE,2003,26.95122
Sweden,SWE,2004,40.66
Sweden,SWE,2005,30.630953
Sweden,SWE,2006,35.708862
Sweden,SWE,2007,31.86111
Sweden,SWE,2008,27.71831
Sweden,SWE,2009,38.482758
Sweden,SWE,2010,27
Sweden,SWE,2011,25
Sweden,SWE,2012,21
Sweden,SWE,2013,26
Sweden,SWE,2014,25
Sweden,SWE,2015,29
Sweden,SWE,2016,29
Sweden,SWE,2017,27
Sweden,SWE,2018,33
Sweden,SWE,2019,25
Sweden,SWE,2020,25
Sweden,SWE,2021,24
Switzerland,CHE,1990,51.11111
Switzerland,CHE,1991,43.2043
Switzerland,CHE,1992,42.356434
Switzerland,CHE,1993,43.51351
Switzerland,CHE,1994,40.851063
Switzerland,CHE,1995,39.794117
Switzerland,CHE,1996,31.25974
Switzerland,CHE,1997,39.15
Switzerland,CHE,1998,29.62712
Switzerland,CHE,1999,37.605633
Switzerland,CHE,2000,38.736843
Switzerland,CHE,2001,36.707317
Switzerland,CHE,2002,49.306667
Switzerland,CHE,2003,39.42
Switzerland,CHE,2004,38.41791
Switzerland,CHE,2005,37.5
Switzerland,CHE,2006,37.67442
Switzerland,CHE,2007,26.066668
Switzerland,CHE,2008,25.11628
Switzerland,CHE,2009,27
Switzerland,CHE,2010,26
Switzerland,CHE,2011,23
Switzerland,CHE,2012,17
Switzerland,CHE,2013,32
Switzerland,CHE,2014,24
Switzerland,CHE,2015,30
Switzerland,CHE,2016,25
Switzerland,CHE,2017,20
Switzerland,CHE,2018,28
Switzerland,CHE,2019,26
Switzerland,CHE,2020,27
Switzerland,CHE,2021,25
Tajikistan,TJK,2006,40
Tajikistan,TJK,2007,33
Tajikistan,TJK,2008,38
Tajikistan,TJK,2009,24.25
Tajikistan,TJK,2010,23
Tajikistan,TJK,2011,17
Tajikistan,TJK,2020,10
Tanzania,TZA,2010,550
Tanzania,TZA,2011,557
Tanzania,TZA,2012,521
Tanzania,TZA,2013,494
Tanzania,TZA,2015,671
Tanzania,TZA,2016,638
Tanzania,TZA,2017,536
Tanzania,TZA,2018,544
Tanzania,TZA,2019,487
Tanzania,TZA,2020,531
Thailand,THA,1995,712.3956
Thailand,THA,1996,739.5358
Thailand,THA,1997,761.2678
Thailand,THA,1998,810.58923
Thailand,THA,1999,814.06635
Thailand,THA,2000,901.7687
Thailand,THA,2002,697.6408
Thailand,THA,2003,952.4451
Thailand,THA,2004,503.6136
Thailand,THA,2005,621.5873
Thailand,THA,2006,580.468
Thailand,THA,2007,596.109
Thailand,THA,2008,526.1742
Thailand,THA,2009,491.57162
Thailand,THA,2010,457.1651
Thailand,THA,2011,445.2812
Thailand,THA,2012,474.7143
Thailand,THA,2013,378.14423
Thailand,THA,2014,403.543
Tonga,TON,2000,0
Tonga,TON,2001,1
Tonga,TON,2002,1
Tonga,TON,2003,0
Tonga,TON,2004,0
Tonga,TON,2005,0
Tonga,TON,2006,0
Tonga,TON,2007,0
Tonga,TON,2008,1
Tonga,TON,2009,3
Tonga,TON,2010,0
Tonga,TON,2011,0
Tonga,TON,2012,1
Tonga,TON,2019,1
Trinidad and Tobago,TTO,2004,26
Trinidad and Tobago,TTO,2005,39
Trinidad and Tobago,TTO,2006,34
Trinidad and Tobago,TTO,2007,30
Trinidad and Tobago,TTO,2008,57
Trinidad and Tobago,TTO,2009,40
Trinidad and Tobago,TTO,2010,52.888187
Trinidad and Tobago,TTO,2011,30
Trinidad and Tobago,TTO,2012,45
Trinidad and Tobago,TTO,2013,39
Trinidad and Tobago,TTO,2014,45
Trinidad and Tobago,TTO,2015,29
Trinidad and Tobago,TTO,2017,52
Trinidad and Tobago,TTO,2018,47
Trinidad and Tobago,TTO,2019,64
Trinidad and Tobago,TTO,2020,54
Tunisia,TUN,2019,103
Tunisia,TUN,2020,115
Turkey,TUR,2003,588.09607
Turkey,TUR,2004,605.49994
Turkey,TUR,2005,607.8979
Turkey,TUR,2006,550.7446
Turkey,TUR,2007,615
Turkey,TUR,2008,570
Turkey,TUR,2010,634
Turkey,TUR,2011,629
Turkey,TUR,2012,606
Turkey,TUR,2015,412
Turkey,TUR,2016,441
Turkey,TUR,2017,424
Turkey,TUR,2018,399
Turkey,TUR,2019,450
Turkey,TUR,2020,381
Turkey,TUR,2021,434
Turkmenistan,TKM,2010,30
Turkmenistan,TKM,2011,18
Turkmenistan,TKM,2012,29
Turkmenistan,TKM,2013,27
Turkmenistan,TKM,2014,18
Turkmenistan,TKM,2015,13
Turks and Caicos Islands,TCA,1992,0
Turks and Caicos Islands,TCA,1993,0
Turks and Caicos Islands,TCA,1994,1
Turks and Caicos Islands,TCA,1995,1
Turks and Caicos Islands,TCA,1996,0
Turks and Caicos Islands,TCA,1997,2
Turks and Caicos Islands,TCA,2002,0
Turks and Caicos Islands,TCA,2007,1
Turks and Caicos Islands,TCA,2008,1
Turks and Caicos Islands,TCA,2009,0
Turks and Caicos Islands,TCA,2013,1
Turks and Caicos Islands,TCA,2014,0
Uganda,UGA,2008,385
Uganda,UGA,2010,600
Uganda,UGA,2011,743
Uganda,UGA,2012,741
Uganda,UGA,2013,791
Uganda,UGA,2014,841.194
Uganda,UGA,2016,911
Uganda,UGA,2017,834
Ukraine,UKR,1990,778.33374
Ukraine,UKR,1991,768.37714
Ukraine,UKR,1992,900.225
Ukraine,UKR,1993,1001.88794
Ukraine,UKR,1994,1124.7455
Ukraine,UKR,1995,1141.0416
Ukraine,UKR,1996,1339.5804
Ukraine,UKR,1997,1186.7361
Ukraine,UKR,1998,1193.4703
Ukraine,UKR,1999,1248.5223
Ukraine,UKR,2000,1308.7076
Ukraine,UKR,2001,1485.6777
Ukraine,UKR,2002,1315.3632
Ukraine,UKR,2003,1265.9293
Ukraine,UKR,2004,1109.913
Ukraine,UKR,2005,958.8439
Ukraine,UKR,2006,908.5741
Ukraine,UKR,2008,739.02
Ukraine,UKR,2009,705.0777
Ukraine,UKR,2010,603.2948
Ukraine,UKR,2017,461
United Arab Emirates,ARE,2010,17.946428
United Arab Emirates,ARE,2011,14.875
United Arab Emirates,ARE,2012,16.967213
United Arab Emirates,ARE,2013,18.283018
United Arab Emirates,ARE,2014,16.339285
United Arab Emirates,ARE,2015,9.818182
United Arab Emirates,ARE,2019,21
United Arab Emirates,ARE,2020,14
United Arab Emirates,ARE,2021,10
United Kingdom,GBR,2005,301.39233
United Kingdom,GBR,2006,325.1536
United Kingdom,GBR,2007,337.8864
United Kingdom,GBR,2008,293.62384
United Kingdom,GBR,2009,225.17857
United Kingdom,GBR,2010,282.7662
United Kingdom,GBR,2011,194.3238
United Kingdom,GBR,2012,236.81372
United Kingdom,GBR,2013,225.37093
United Kingdom,GBR,2014,207.36346
United Kingdom,GBR,2015,197.30931
United Kingdom,GBR,2016,203
United Kingdom,GBR,2017,250
United Kingdom,GBR,2018,261
United Kingdom,GBR,2019,203
United Kingdom,GBR,2020,194
United States,USA,1990,5156.36
United States,USA,1991,5434.66
United States,USA,1992,5227.2
United States,USA,1993,5567.402
United States,USA,1994,5015.09
United States,USA,1995,5034.198
United States,USA,1996,4498.705
United States,USA,1997,4151.424
United States,USA,1998,4141.656
United States,USA,1999,3787.368
United States,USA,2000,3709.468
United States,USA,2001,4459.58
United States,USA,2002,3760.5474
United States,USA,2003,3694.7239
United States,USA,2004,3551.8953
United States,USA,2005,3559.4219
United States,USA,2006,3654
United States,USA,2007,3678
United States,USA,2008,3585
United States,USA,2009,3530
United States,USA,2010,3311
United States,USA,2011,3262
United States,USA,2012,3301
United States,USA,2013,3169.3813
United States,USA,2014,3183.842
United States,USA,2015,3333.703
United States,USA,2016,3716.8743
United States,USA,2017,3694.136
United States,USA,2018,3694.4316
United States,USA,2019,3587.091
United States,USA,2020,4349.5464
United States,USA,2021,4973.7744
United States Virgin Islands,VIR,1997,6
United States Virgin Islands,VIR,1998,2
United States Virgin Islands,VIR,1999,4
United States Virgin Islands,VIR,2000,3
United States Virgin Islands,VIR,2001,2
United States Virgin Islands,VIR,2002,5
United States Virgin Islands,VIR,2003,3
United States Virgin Islands,VIR,2004,1
United States Virgin Islands,VIR,2005,3
United States Virgin Islands,VIR,2006,4
United States Virgin Islands,VIR,2007,3
United States Virgin Islands,VIR,2008,2
United States Virgin Islands,VIR,2009,2
United States Virgin Islands,VIR,2010,7
United States Virgin Islands,VIR,2011,3
United States Virgin Islands,VIR,2012,2
Uruguay,URY,2006,43
Uruguay,URY,2007,32
Uruguay,URY,2008,44
Uruguay,URY,2009,45
Uruguay,URY,2010,41
Uruguay,URY,2011,41
Uruguay,URY,2012,38
Uruguay,URY,2013,54
Uruguay,URY,2014,51
Uruguay,URY,2015,50
Uruguay,URY,2016,42
Uruguay,URY,2017,55
Uruguay,URY,2018,57
Uruguay,URY,2019,48
Uruguay,URY,2020,38
Uruguay,URY,2021,40
Uzbekistan,UZB,2015,216
Uzbekistan,UZB,2016,258
Uzbekistan,UZB,2017,205
Uzbekistan,UZB,2018,176
Uzbekistan,UZB,2019,138
Uzbekistan,UZB,2020,161
Uzbekistan,UZB,2021,179
Vanuatu,VUT,2019,1
Vanuatu,VUT,2020,1
Vatican,VAT,2009,0
Vatican,VAT,2010,0
Vatican,VAT,2011,0
Vatican,VAT,2012,0
Vatican,VAT,2013,0
Vatican,VAT,2014,0
Vatican,VAT,2015,0
Venezuela,VEN,1990,187.01102
Venezuela,VEN,1992,231.8196
Venezuela,VEN,1993,308.0582
Venezuela,VEN,1994,328.8962
Venezuela,VEN,1996,356.16672
Venezuela,VEN,1997,354.0503
Venezuela,VEN,1998,374.72488
Venezuela,VEN,1999,421.9388
Venezuela,VEN,2000,520.10767
Venezuela,VEN,2001,483.71002
Venezuela,VEN,2002,845.0836
Venezuela,VEN,2003,689.9341
Venezuela,VEN,2004,598.4378
Venezuela,VEN,2005,556.46515
Venezuela,VEN,2006,669.6751
Venezuela,VEN,2007,672.103
Venezuela,VEN,2008,735
Venezuela,VEN,2009,761.65314
Venezuela,VEN,2010,789.1359
Venezuela,VEN,2011,804.829
Venezuela,VEN,2012,940.7606
Venezuela,VEN,2015,731
Venezuela,VEN,2016,806
Venezuela,VEN,2017,788
World,OWID_WRL,2000,85901.6
World,OWID_WRL,2001,87834.46
World,OWID_WRL,2002,87244.75
World,OWID_WRL,2003,85794.68
World,OWID_WRL,2004,85782.35
World,OWID_WRL,2005,83129.12
World,OWID_WRL,2006,81233.04
World,OWID_WRL,2007,80802.234
World,OWID_WRL,2008,79718.13
World,OWID_WRL,2009,83687.914
World,OWID_WRL,2010,83345.05
World,OWID_WRL,2011,85244.34
World,OWID_WRL,2012,86257.36
World,OWID_WRL,2013,85988.15
World,OWID_WRL,2014,86823.7
World,OWID_WRL,2015,84377.055
World,OWID_WRL,2016,86208.78
World,OWID_WRL,2017,85746.56
World,OWID_WRL,2018,84826.73
World,OWID_WRL,2019,83991.82
World,OWID_WRL,2020,83644.12
World,OWID_WRL,2021,87995.484
Zimbabwe,ZWE,1990,183
Zimbabwe,ZWE,2018,163
Zimbabwe,ZWE,2019,167
Zimbabwe,ZWE,2020,146
Zimbabwe,ZWE,2021,158